Path,sp,sr,k,optimized_score,real_score
metal_dataset/train/Pitted/PS_249.bmp,39.19963025399451,49.85179733807344,24,3.4682539682539684,1.0338882282996433
metal_dataset/train/Crazing/Cr_293.bmp,20.429526516671622,48.311212031819785,10,17.545454545454547,1.0288018433179724
metal_dataset/train/Crazing/Cr_229.bmp,37.19702732857242,40.81749728646107,10,21.45205479452055,1.02012297372834
metal_dataset/train/Crazing/Cr_96.bmp,42.420532865967324,43.24333180451863,10,16.306451612903224,1.0279232111692844
metal_dataset/train/Pitted/PS_268.bmp,7.706340592265427,48.15485280836431,11,14.166666666666666,1.0544090056285178
metal_dataset/train/Inclusion/In_247.bmp,16.669708108583134,48.737781796403695,16,12.592592592592593,1.227542372881356
metal_dataset/train/Crazing/Cr_60.bmp,5.061570217146562,47.909440029048596,28,21.318181818181817,1.0486257928118394
metal_dataset/train/Inclusion/In_4.bmp,1.0103352923258977,49.95435050067197,19,19.333333333333332,1.267702147099132
metal_dataset/train/Pitted/PS_243.bmp,3.4028108429227912,48.954820546146436,11,77.33333333333333,1.0430563978168588
metal_dataset/train/Rolled/RS_213.bmp,39.58935077021485,42.11865886204588,12,10.88,1.0715426381347812
metal_dataset/train/Pitted/PS_96.bmp,11.015770385241249,46.59929199639029,17,32.92857142857143,1.0874615647420567
metal_dataset/train/Scratches/Sc_254.bmp,3.571611769968921,34.81382406057108,10,82.0,1.1932230738200889
metal_dataset/train/Pitted/PS_146.bmp,47.92402361886709,41.86678207820323,10,16.13888888888889,1.0376607470912431
metal_dataset/train/Inclusion/In_259.bmp,42.79887475115435,40.47571859596939,17,13.785714285714286,1.259846084200996
metal_dataset/train/Pitted/PS_54.bmp,3.789321126909313,28.650720670082965,21,19.098360655737704,1.1049317943336832
metal_dataset/train/Scratches/Sc_214.bmp,49.90033843844045,48.013827263787455,21,12.688888888888888,1.209451341609932
metal_dataset/train/Scratches/Sc_211.bmp,33.5483462370473,43.151018236665834,14,10.102564102564102,1.1939090208172707
metal_dataset/train/Patches/Pa_35.bmp,1.1754819571625195,49.26359533789847,17,4.175925925925926,1.0327260458839407
metal_dataset/train/Patches/Pa_135.bmp,49.65214896181756,48.32696128979395,11,11.430379746835444,1.0278260869565217
metal_dataset/train/Pitted/PS_245.bmp,4.671510434995284,48.151082433968384,25,14.678571428571429,1.096687855470057
metal_dataset/train/Scratches/Sc_72.bmp,44.64427741807994,49.90127344878115,10,23.823529411764707,1.1109943977591037
metal_dataset/train/Crazing/Cr_189.bmp,40.92018798386794,41.9214137407665,10,15.411764705882353,1.0236063708759955
metal_dataset/train/Pitted/PS_35.bmp,2.2272423969759596,40.39832046337124,11,46.666666666666664,1.1066997518610422
metal_dataset/train/Rolled/RS_288.bmp,21.19436362644269,45.08443256449216,10,8.876190476190477,1.0882638215324927
metal_dataset/train/Inclusion/In_85.bmp,15.27575828201583,49.02031404555163,22,11.022222222222222,1.3566362715298885
metal_dataset/train/Crazing/Cr_211.bmp,3.0507324572536216,49.19646382849431,11,35.0,1.0488698839340256
metal_dataset/train/Pitted/PS_195.bmp,3.0328199246160814,40.0547640279582,28,154.0,1.478082992402104
metal_dataset/train/Crazing/Cr_97.bmp,45.09611608200782,46.40448194094181,10,12.5,1.0259890268553278
metal_dataset/train/Crazing/Cr_245.bmp,12.431400749958813,48.834774439559816,11,24.22222222222222,1.0306004618937645
metal_dataset/train/Patches/Pa_150.bmp,1.04538451641438,49.114109210068136,10,24.741935483870968,1.0603076923076924
metal_dataset/train/Pitted/PS_66.bmp,9.266088650488971,49.928585608994176,27,39.111111111111114,1.0630427790286265
metal_dataset/train/Inclusion/In_207.bmp,49.83251434832761,49.05387437551538,11,9.88888888888889,1.261388766032729
metal_dataset/train/Crazing/Cr_92.bmp,39.79999030789076,43.648726805260566,11,15.61,1.0256336405529953
metal_dataset/train/Scratches/Sc_160.bmp,1.0914003770544989,46.50819993570547,12,14.016949152542374,1.2245881880273202
metal_dataset/train/Rolled/RS_292.bmp,39.84802080780598,42.87981448786546,11,9.00925925925926,1.065632072421597
metal_dataset/train/Pitted/PS_90.bmp,8.59840069186828,47.8607775735628,16,81.5,1.1123355847849272
metal_dataset/train/Inclusion/In_88.bmp,2.9201606976566628,47.429950292243944,11,14.266666666666667,1.2954333643988816
metal_dataset/train/Pitted/PS_247.bmp,49.42284168562705,45.699629344202044,29,4.325581395348837,1.0341880341880343
metal_dataset/train/Scratches/Sc_244.bmp,49.75587680390229,48.98743039375255,12,50.0,1.4262905800957957
metal_dataset/train/Crazing/Cr_247.bmp,49.11824311288837,41.536488831952525,10,11.38679245283019,1.026473099914603
metal_dataset/train/Scratches/Sc_222.bmp,2.164328501412941,49.24473618646672,13,24.391304347826086,1.4302264349657714
metal_dataset/train/Patches/Pa_270.bmp,5.593692067276886,36.830684549166435,26,6.777777777777778,1.034256559766764
metal_dataset/train/Scratches/Sc_268.bmp,4.392242070846905,40.58219699065545,15,68.75,1.3006802721088435
metal_dataset/train/Rolled/RS_26.bmp,49.99616894296308,48.79352524547967,10,14.649122807017545,1.0839091806515302
metal_dataset/train/Rolled/RS_284.bmp,34.66975920469046,45.69929825233344,10,14.078125,1.0731391585760517
metal_dataset/train/Inclusion/In_122.bmp,39.97644889832346,48.91779166337608,10,12.423728813559322,1.156576980568012
metal_dataset/train/Rolled/RS_234.bmp,6.738263470683903,49.21820837929108,10,14.45945945945946,1.0962585034013606
metal_dataset/train/Rolled/RS_49.bmp,23.74408890391618,44.536429900211296,10,22.28846153846154,1.071608832807571
metal_dataset/train/Rolled/RS_133.bmp,7.615725635127513,48.67709992152682,10,16.01818181818182,1.0668144395186827
metal_dataset/train/Patches/Pa_266.bmp,5.8713539406449,48.20575806193722,15,9.612903225806452,1.04087766756838
metal_dataset/train/Rolled/RS_235.bmp,5.373476416573409,49.82326193447907,10,25.35483870967742,1.093140551445864
metal_dataset/train/Scratches/Sc_178.bmp,1.0685856448910944,47.00371237506861,19,27.642857142857142,1.2604032604032605
metal_dataset/train/Inclusion/In_73.bmp,47.511518915821405,38.78897927542967,24,7.461538461538462,1.4341957255343083
metal_dataset/train/Inclusion/In_217.bmp,29.450887087468324,49.24383869609418,27,6.571428571428571,1.5605442176870747
metal_dataset/train/Rolled/RS_274.bmp,15.716695278896923,48.891436330626554,10,43.75,1.0799086757990868
metal_dataset/train/Inclusion/In_255.bmp,7.018370324935946,48.654337020046185,28,13.708333333333334,1.2264620489423477
metal_dataset/train/Crazing/Cr_162.bmp,22.49159877077996,49.86415067508582,11,9.63888888888889,1.0274971941638609
metal_dataset/train/Patches/Pa_253.bmp,2.1341879352289435,43.58161169214638,13,10.852459016393443,1.0587133041848844
metal_dataset/train/Pitted/PS_296.bmp,42.18391985735105,48.20845058120474,13,3.577777777777778,1.0239021678710394
metal_dataset/train/Crazing/Cr_177.bmp,21.126410041080337,47.82767383826996,10,10.960526315789474,1.0243266724587314
metal_dataset/train/Scratches/Sc_287.bmp,1.1158513507800512,44.65839481317157,26,11.12280701754386,1.2648835202761002
metal_dataset/train/Crazing/Cr_122.bmp,24.526477304018723,48.53342461301565,10,19.982456140350877,1.030729465824239
metal_dataset/train/Patches/Pa_260.bmp,1.4058332484685905,49.01495301476228,23,6.926315789473684,1.0370256093798211
metal_dataset/train/Pitted/PS_9.bmp,47.018462972672495,49.99724622644597,26,18.666666666666668,1.1553398058252426
metal_dataset/train/Inclusion/In_185.bmp,39.807247898361105,40.86348465859005,24,7.80327868852459,1.4745465184318314
metal_dataset/train/Pitted/PS_179.bmp,7.581814806201773,48.178011208109794,17,3.07909604519774,1.063837776943297
metal_dataset/train/Rolled/RS_174.bmp,47.87516880178981,45.99445952680482,11,17.0,1.0627705627705628
metal_dataset/train/Crazing/Cr_6.bmp,27.878381703705315,47.429024158172695,10,12.871794871794872,1.0229591836734695
metal_dataset/train/Crazing/Cr_16.bmp,49.941299769140755,48.39835290748393,10,15.91044776119403,1.027464585140214
metal_dataset/train/Rolled/RS_285.bmp,39.680787403174975,48.62059114226344,11,11.521739130434783,1.0782324058919803
metal_dataset/train/Crazing/Cr_257.bmp,28.845438062159886,41.23680564436613,11,18.627450980392158,1.023890784982935
metal_dataset/train/Pitted/PS_15.bmp,2.3829697390439746,48.69534460263653,26,6.08235294117647,1.049968573224387
metal_dataset/train/Crazing/Cr_145.bmp,48.02696025104514,49.94515565760401,11,14.367088607594937,1.0256928406466512
metal_dataset/train/Crazing/Cr_237.bmp,42.89940234079082,39.08723727164459,10,14.025,1.0253602305475504
metal_dataset/train/Inclusion/In_285.bmp,46.97802301557134,48.79487563546392,22,8.833333333333334,1.429558745348219
metal_dataset/train/Patches/Pa_57.bmp,38.85002139746451,42.803718156137684,16,6.152777777777778,1.0319888734353269
metal_dataset/train/Pitted/PS_224.bmp,1.0474858101047266,44.89167881063953,29,18.272727272727273,1.1149057274991105
metal_dataset/train/Rolled/RS_87.bmp,1.9475684926734287,48.601449105047514,10,18.396551724137932,1.1005434782608696
metal_dataset/train/Rolled/RS_57.bmp,49.96968440438701,46.042499064450766,10,19.73134328358209,1.086999343401182
metal_dataset/train/Rolled/RS_85.bmp,3.299271342160986,49.8765555978333,21,10.656716417910447,1.1021041738530528
metal_dataset/train/Patches/Pa_53.bmp,1.020553611459314,49.16488475066322,18,4.576687116564417,1.0282748747315675
metal_dataset/train/Crazing/Cr_124.bmp,45.40971112857944,38.47487908759743,10,19.358490566037737,1.033129904097646
metal_dataset/train/Pitted/PS_194.bmp,25.050028387188583,49.98247586539325,11,27.606060606060606,1.1992574257425743
metal_dataset/train/Rolled/RS_15.bmp,3.8092948780580644,48.91757870938633,11,45.44,1.082874716736808
metal_dataset/train/Scratches/Sc_9.bmp,2.823792139709976,40.18835689610742,13,28.88888888888889,1.2046285018270402
metal_dataset/train/Rolled/RS_139.bmp,46.81794552105488,48.189790583279944,10,16.236363636363638,1.0591514400743265
metal_dataset/train/Scratches/Sc_197.bmp,4.453660684766648,49.21901812863615,10,30.916666666666668,1.3368368368368369
metal_dataset/train/Crazing/Cr_222.bmp,36.543674210508016,48.84023672728257,10,12.047619047619047,1.0305739832708394
metal_dataset/train/Pitted/PS_169.bmp,13.664918925545988,49.9861175409596,16,7.550561797752809,1.0251932436301174
metal_dataset/train/Pitted/PS_94.bmp,3.0334266683834668,48.34558898834992,14,37.0625,1.0965468639887244
metal_dataset/train/Scratches/Sc_136.bmp,5.845725113552192,11.999352675271647,16,11.4875,1.254389721627409
metal_dataset/train/Scratches/Sc_194.bmp,46.155646120155424,36.743363702758415,10,27.076923076923077,1.2617391304347827
metal_dataset/train/Pitted/PS_16.bmp,49.891261737336265,48.78452883730418,10,10.695652173913043,1.0472022507033447
metal_dataset/train/Rolled/RS_140.bmp,4.11272615555605,49.95082145268166,12,26.46153846153846,1.0757623388871425
metal_dataset/train/Pitted/PS_250.bmp,45.479015961807065,45.712404216998934,10,10.965909090909092,1.035175879396985
metal_dataset/train/Patches/Pa_187.bmp,16.170017826703248,49.274917844942,23,3.8615384615384616,1.0314633422380528
metal_dataset/train/Patches/Pa_2.bmp,23.277636447012934,47.25562119254539,21,3.3,1.0373613543490952
metal_dataset/train/Inclusion/In_167.bmp,48.18999975401052,42.031279329768715,11,8.044943820224718,1.4122055674518201
metal_dataset/train/Patches/Pa_222.bmp,21.898163709660842,42.561695998510324,19,5.538461538461538,1.0356055995130857
metal_dataset/train/Crazing/Cr_91.bmp,22.043483819475142,48.861330264854004,12,10.78125,1.0285714285714285
metal_dataset/train/Inclusion/In_50.bmp,3.1875075084751225,49.17466862977344,10,13.529411764705882,1.366683857658587
metal_dataset/train/Rolled/RS_130.bmp,24.287095617719384,49.38344332412849,13,14.716981132075471,1.0699166132135984
metal_dataset/train/Crazing/Cr_66.bmp,5.209596413956753,48.9321893945179,16,17.18421052631579,1.0442961165048543
metal_dataset/train/Scratches/Sc_97.bmp,2.8480247959026075,47.75905554335369,15,18.129032258064516,1.1556952662721893
metal_dataset/train/Inclusion/In_183.bmp,1.3773356944620296,44.47336605447904,26,7.796610169491525,1.3171785028790788
metal_dataset/train/Crazing/Cr_253.bmp,3.6703810027751125,47.79487032226377,16,14.097560975609756,1.0407185628742515
metal_dataset/train/Patches/Pa_190.bmp,47.21704094824299,49.90036879604512,25,2.6758620689655173,1.0266742338251986
metal_dataset/train/Pitted/PS_56.bmp,4.7762389820312166,49.04374385022691,17,11.114285714285714,1.039877300613497
metal_dataset/train/Patches/Pa_36.bmp,43.22850049000808,41.088478851591354,21,5.184931506849315,1.02874101843174
metal_dataset/train/Rolled/RS_228.bmp,30.510616709220624,48.518095240932425,10,7.726190476190476,1.0910910910910911
metal_dataset/train/Rolled/RS_250.bmp,40.22193135674579,48.15642802052343,10,12.793478260869565,1.1162381120112717
metal_dataset/train/Scratches/Sc_157.bmp,49.99159479706967,30.22397924285113,16,6.014084507042254,1.1928817451205511
metal_dataset/train/Rolled/RS_60.bmp,47.68173285580725,47.77123159111226,10,11.306666666666667,1.0546731826511913
metal_dataset/train/Scratches/Sc_261.bmp,1.1777696760094596,44.54767782304744,21,26.041666666666668,1.2785038305543037
metal_dataset/train/Inclusion/In_289.bmp,9.272893342203652,46.956119789897116,27,15.482758620689655,1.456824512534819
metal_dataset/train/Scratches/Sc_99.bmp,2.118538185811982,45.99497559811161,18,22.22222222222222,1.126508226691042
metal_dataset/train/Inclusion/In_8.bmp,3.475191502304898,47.70846891577869,19,14.555555555555555,1.3244968090328915
metal_dataset/train/Scratches/Sc_216.bmp,48.540666689197515,26.132494438748957,15,13.763636363636364,1.2089434111594777
metal_dataset/train/Inclusion/In_179.bmp,12.60199669662716,45.671383894344594,27,29.666666666666668,1.5672131147540984
metal_dataset/train/Pitted/PS_229.bmp,3.9053385226440547,47.6740690397381,21,14.563636363636364,1.0604606525911708
metal_dataset/train/Inclusion/In_129.bmp,1.9709661821158182,43.05572153467787,25,20.551724137931036,1.5952712100139081
metal_dataset/train/Scratches/Sc_229.bmp,41.043203027828504,34.29030988596327,26,16.78723404255319,1.588271990018715
metal_dataset/train/Scratches/Sc_237.bmp,1.9273597198404544,44.73156142620851,10,28.379310344827587,1.2458100558659218
metal_dataset/train/Pitted/PS_123.bmp,16.81242513670081,48.9612719820582,14,6.55,1.167319749216301
metal_dataset/train/Pitted/PS_261.bmp,46.44845008613055,48.121738970121264,11,6.290909090909091,1.0485584218512898
metal_dataset/train/Rolled/RS_55.bmp,45.55008277783097,38.767901878870596,10,21.160714285714285,1.0737179487179487
metal_dataset/train/Crazing/Cr_42.bmp,41.49948433364209,49.96221034215834,10,12.30952380952381,1.025962910128388
metal_dataset/train/Crazing/Cr_227.bmp,44.31328502066666,46.71268338833349,10,11.520833333333334,1.0192416525183927
metal_dataset/train/Patches/Pa_175.bmp,30.168423259194324,34.0012821210189,10,2.6563706563706564,1.0400122174709836
metal_dataset/train/Rolled/RS_92.bmp,1.0059883038128414,45.77030337729018,10,15.36734693877551,1.0552243489174773
metal_dataset/train/Rolled/RS_90.bmp,44.145085197375714,49.93057886387196,10,9.02020202020202,1.0957624290957624
metal_dataset/train/Crazing/Cr_41.bmp,38.90307582945652,49.90562011155575,11,11.85,1.0189372526851328
metal_dataset/train/Pitted/PS_270.bmp,15.023697895187125,48.90308510077335,28,3.3795620437956204,1.0371814092953524
metal_dataset/train/Rolled/RS_224.bmp,9.13298070015631,49.95202665382857,10,20.5,1.067753275806967
metal_dataset/train/Patches/Pa_206.bmp,2.4006586384585065,49.92370731585,24,4.057553956834532,1.0360598065083553
metal_dataset/train/Rolled/RS_71.bmp,47.91128190301165,48.84000501795771,12,8.753246753246753,1.0833880499015103
metal_dataset/train/Pitted/PS_199.bmp,3.355717601269543,48.44388988429629,23,130.66666666666666,1.3187837175085826
metal_dataset/train/Scratches/Sc_208.bmp,2.215472005582682,44.28103357847636,10,35.76923076923077,1.3039964077233948
metal_dataset/train/Crazing/Cr_234.bmp,20.035398555250765,49.22486996683354,11,7.716666666666667,1.0307471264367816
metal_dataset/train/Inclusion/In_79.bmp,39.611645893109596,49.502276455685276,13,8.644444444444444,1.532156368221942
metal_dataset/train/Crazing/Cr_128.bmp,48.82771655345973,48.8040417755176,10,11.64935064935065,1.0391575200237317
metal_dataset/train/Scratches/Sc_264.bmp,1.006014665895104,47.99683200775577,12,17.73076923076923,1.2183814558763726
metal_dataset/train/Scratches/Sc_27.bmp,49.99400548886218,48.80260828986758,28,14.203389830508474,1.2834790612057063
metal_dataset/train/Inclusion/In_164.bmp,49.99523359457558,43.36163111879794,10,11.506024096385541,1.1817836812144213
metal_dataset/train/Patches/Pa_240.bmp,34.44163571899487,48.51874395920043,12,10.91044776119403,1.0423932651834036
metal_dataset/train/Rolled/RS_198.bmp,23.842907107132223,44.11016538969295,10,25.390243902439025,1.0696361355081556
metal_dataset/train/Scratches/Sc_221.bmp,39.088664494404654,34.10032884566182,12,14.741935483870968,1.3765060240963856
metal_dataset/train/Scratches/Sc_249.bmp,27.74615880069535,39.67834821238993,21,20.076923076923077,1.2020891924467658
metal_dataset/train/Crazing/Cr_270.bmp,21.371148857068096,46.90626136274,10,14.531645569620252,1.0214992927864215
metal_dataset/train/Pitted/PS_99.bmp,43.887319484312336,33.43468575927495,23,5.866071428571429,1.0812064965197217
metal_dataset/train/Rolled/RS_170.bmp,41.22282133966052,40.11995245362683,10,21.813333333333333,1.0641426783479349
metal_dataset/train/Patches/Pa_226.bmp,33.49820516047347,49.966992581757275,18,6.316239316239316,1.0504926108374384
metal_dataset/train/Patches/Pa_126.bmp,16.37836993292498,49.70925309775586,23,5.927927927927928,1.0353335363996345
metal_dataset/train/Inclusion/In_123.bmp,1.0726851960406893,43.49589072190338,11,20.166666666666668,1.1858546168958743
metal_dataset/train/Crazing/Cr_137.bmp,45.95428150125168,37.07551034378066,10,18.016393442622952,1.038926570333235
metal_dataset/train/Scratches/Sc_293.bmp,3.4977483441917325,47.371550281114544,24,21.307692307692307,1.2238805970149254
metal_dataset/train/Rolled/RS_209.bmp,31.022357010341526,47.56239025483758,10,11.898550724637682,1.0781556572923479
metal_dataset/train/Scratches/Sc_39.bmp,2.028957810162653,41.651062826022084,13,12.35,1.3309964947421131
metal_dataset/train/Patches/Pa_202.bmp,1.0037847887440932,49.692388890704855,10,3.3203125,1.0341757610568638
metal_dataset/train/Patches/Pa_256.bmp,1.0230798630001143,49.805396223831096,18,5.896551724137931,1.0306704707560628
metal_dataset/train/Scratches/Sc_43.bmp,39.662682197272645,38.833446399528704,21,9.987179487179487,1.4895899053627761
metal_dataset/train/Crazing/Cr_129.bmp,9.426428974900338,49.90146513061662,10,37.0,1.03725782414307
metal_dataset/train/Inclusion/In_138.bmp,6.492247617735583,47.12350879809631,26,36.0,1.323791647114031
metal_dataset/train/Scratches/Sc_143.bmp,1.3047720329574206,25.99469980069947,21,15.121951219512194,1.2212678936605317
metal_dataset/train/Rolled/RS_253.bmp,9.576520820589934,49.91937249389233,10,10.291666666666666,1.0885572139303483
metal_dataset/train/Scratches/Sc_50.bmp,49.40210515648823,34.294748439418896,29,7.22,1.2939508506616257
metal_dataset/train/Scratches/Sc_55.bmp,44.55293314690722,46.31244189324343,30,8.1,1.2609082813891361
metal_dataset/train/Pitted/PS_173.bmp,43.19989447898202,43.70250438644348,10,9.042016806722689,1.023888720895071
metal_dataset/train/Pitted/PS_23.bmp,5.424149791541128,46.44072144177802,15,10.383720930232558,1.0372555107109593
metal_dataset/train/Patches/Pa_165.bmp,1.263297738564337,49.10240134186157,10,25.333333333333332,1.043517406962785
metal_dataset/train/Scratches/Sc_17.bmp,4.847296326134607,49.87108882086902,16,88.25,1.2942028985507246
metal_dataset/train/Pitted/PS_130.bmp,10.216750916247209,43.311088821802386,24,35.68421052631579,1.1321160042964553
metal_dataset/train/Pitted/PS_177.bmp,6.1522966986576995,49.99509689124102,16,4.037037037037037,1.0629642730810045
metal_dataset/train/Pitted/PS_159.bmp,6.1003323953793025,48.654768036568285,20,43.0,1.0578895137280846
metal_dataset/train/Patches/Pa_268.bmp,1.2847287467203927,47.56957047813621,16,3.9415204678362574,1.034928848641656
metal_dataset/train/Crazing/Cr_254.bmp,43.29024329581084,48.548588872284,10,13.314285714285715,1.0277539341917024
metal_dataset/train/Scratches/Sc_191.bmp,1.0900531706365135,48.69313439140473,10,85.0,1.1993645750595712
metal_dataset/train/Pitted/PS_14.bmp,2.0461580260166694,47.96079658703987,16,9.290909090909091,1.050660792951542
metal_dataset/train/Pitted/PS_57.bmp,21.325879843441207,49.975427517767685,10,14.705128205128204,1.0589009542612702
metal_dataset/train/Patches/Pa_278.bmp,2.5274656199134635,49.09880702156356,17,13.666666666666666,1.1074907625125965
metal_dataset/train/Pitted/PS_281.bmp,44.42183296768053,49.982966635280334,14,14.03125,1.1137323943661972
metal_dataset/train/Crazing/Cr_55.bmp,4.768771724172736,49.85201525469742,12,31.666666666666668,1.0473621103117505
metal_dataset/train/Pitted/PS_184.bmp,47.36591145136581,41.850142497929106,29,5.503875968992248,1.0438515792701626
metal_dataset/train/Rolled/RS_47.bmp,24.168515632097566,46.52438114342154,10,19.147058823529413,1.0714745653573727
metal_dataset/train/Crazing/Cr_169.bmp,48.86862083999436,44.943039329058664,10,19.452380952380953,1.0294372294372294
metal_dataset/train/Patches/Pa_164.bmp,49.153820776716245,49.30489842329566,21,8.915492957746478,1.0909993381866314
metal_dataset/train/Rolled/RS_269.bmp,40.36318459980028,46.168854312598754,10,11.010416666666666,1.084493041749503
metal_dataset/train/Inclusion/In_194.bmp,13.774609590734531,48.793683732326606,15,40.6,1.7867459643160577
metal_dataset/train/Scratches/Sc_145.bmp,49.98054165259206,27.676521413013962,22,7.147058823529412,1.20016077170418
metal_dataset/train/Inclusion/In_155.bmp,3.4734870098935984,48.873459753638805,10,8.203389830508474,1.2740963855421688
metal_dataset/train/Rolled/RS_273.bmp,5.889642325053006,49.95064125559528,10,42.9,1.068876729964596
metal_dataset/train/Crazing/Cr_200.bmp,46.96476395065407,49.879680291153875,10,11.205882352941176,1.0201787258575958
metal_dataset/train/Patches/Pa_58.bmp,1.1025077877041092,49.975745448730585,26,4.532258064516129,1.0332401366884125
metal_dataset/train/Crazing/Cr_37.bmp,6.576093007515025,45.917279689312515,17,93.28571428571429,1.0356188780053428
metal_dataset/train/Scratches/Sc_286.bmp,1.0042507811693668,41.710242715012754,10,55.3,1.7177650429799427
metal_dataset/train/Patches/Pa_70.bmp,3.0574693458369637,49.16793240854481,10,27.666666666666668,1.046050625190607
metal_dataset/train/Crazing/Cr_153.bmp,4.759911440777738,47.62342230254497,10,19.803571428571427,1.036293892003541
metal_dataset/train/Rolled/RS_197.bmp,10.516532818992205,48.929881492325926,10,21.205128205128204,1.0778967867575462
metal_dataset/train/Patches/Pa_33.bmp,1.1751634052224655,49.97517454994887,24,4.252032520325203,1.0345041964563257
metal_dataset/train/Inclusion/In_263.bmp,1.9117726174632255,47.756422049293604,11,49.10526315789474,1.3328220858895705
metal_dataset/train/Pitted/PS_267.bmp,9.925070842588463,49.04204669635484,21,11.785714285714286,1.1172316384180792
metal_dataset/train/Rolled/RS_146.bmp,3.768943498880416,46.88314183530402,10,12.46,1.0830908503071452
metal_dataset/train/Pitted/PS_205.bmp,3.674284786231625,48.09804161243932,12,18.2972972972973,1.0677276091783863
metal_dataset/train/Pitted/PS_202.bmp,3.0365081725227303,48.99857170947028,13,103.0,1.0735390676296783
metal_dataset/train/Scratches/Sc_127.bmp,1.3471972673574462,49.831308595029775,24,22.15,1.318477251624884
metal_dataset/train/Crazing/Cr_166.bmp,6.880302992995803,49.08583775939704,14,16.641025641025642,1.0462323626538577
metal_dataset/train/Inclusion/In_6.bmp,2.188265343785076,46.87427402148337,19,14.0,1.2084530160032827
metal_dataset/train/Rolled/RS_168.bmp,49.63787587783773,43.757210374958795,10,8.724770642201834,1.0525676086295959
metal_dataset/train/Crazing/Cr_64.bmp,6.969474741460419,45.530080743245954,11,47.375,1.0368705035971224
metal_dataset/train/Patches/Pa_143.bmp,2.614695230307872,47.47106926990972,16,44.029411764705884,1.093842607836681
metal_dataset/train/Inclusion/In_161.bmp,2.1030034918084417,46.91207941524169,11,10.670588235294117,1.2625947391885868
metal_dataset/train/Inclusion/In_295.bmp,47.076788058260775,47.694383134381034,11,22.58823529411765,1.4196332254584683
metal_dataset/train/Scratches/Sc_18.bmp,4.714363109044914,43.61283878706934,10,150.25,1.328080229226361
metal_dataset/train/Pitted/PS_188.bmp,1.9683924648879292,49.94900786941247,19,12.25,1.0455034037979218
metal_dataset/train/Patches/Pa_13.bmp,33.00106708167594,43.902167106962665,15,4.215277777777778,1.0351550960118168
metal_dataset/train/Pitted/PS_89.bmp,3.8734276266480694,42.527223871814016,14,23.0,1.2141078838174273
metal_dataset/train/Pitted/PS_87.bmp,34.940372744318424,48.17649240502945,17,13.93939393939394,1.3049476688867745
metal_dataset/train/Patches/Pa_17.bmp,42.02702478642013,6.695943708529611,10,2.4778067885117494,1.0402144772117963
metal_dataset/train/Pitted/PS_8.bmp,38.700976470543345,48.84849284672135,17,9.791666666666666,1.04804992199688
metal_dataset/train/Rolled/RS_278.bmp,42.193479250920134,48.25848863886816,10,9.538461538461538,1.0847739361702127
metal_dataset/train/Inclusion/In_246.bmp,32.134402821095364,43.76630822033867,11,57.0,1.2726063829787233
metal_dataset/train/Inclusion/In_165.bmp,45.05429350022401,45.23759189083735,21,5.7,1.238012958963283
metal_dataset/train/Inclusion/In_233.bmp,9.084231723361215,47.45947146766366,23,27.928571428571427,1.1875
metal_dataset/train/Pitted/PS_141.bmp,45.62055356658545,49.99411263737012,10,6.849673202614379,1.0438296549580355
metal_dataset/train/Inclusion/In_266.bmp,49.854034713227044,48.51116992941988,11,11.827586206896552,1.38100050530571
metal_dataset/train/Inclusion/In_130.bmp,47.150680888559066,49.150768454351955,16,11.972972972972974,1.2156378600823046
metal_dataset/train/Rolled/RS_243.bmp,23.754294563993337,48.73390679954193,10,12.277777777777779,1.0970478452663726
metal_dataset/train/Scratches/Sc_199.bmp,1.7759734216053018,47.21399526996686,11,30.789473684210527,1.4412790697674418
metal_dataset/train/Crazing/Cr_190.bmp,44.42169295644607,49.9317814109139,12,8.203252032520325,1.027042577675489
metal_dataset/train/Scratches/Sc_81.bmp,6.728379175797929,49.344658176743145,10,23.666666666666668,1.140279823269514
metal_dataset/train/Scratches/Sc_26.bmp,20.199536234866038,30.820491217084733,25,15.658536585365853,1.4293598233995586
metal_dataset/train/Scratches/Sc_128.bmp,2.92000961660305,46.11323518413261,10,30.5,1.496969696969697
metal_dataset/train/Pitted/PS_227.bmp,2.042342782861278,46.118319134465224,19,18.333333333333332,1.2054850593532542
metal_dataset/train/Rolled/RS_160.bmp,48.79267128760412,38.692229813126964,10,16.906976744186046,1.0701415701415702
metal_dataset/train/Inclusion/In_180.bmp,1.0170888643452916,48.70030443388868,14,10.627450980392156,1.2070981210855949
metal_dataset/train/Scratches/Sc_239.bmp,32.51604807495147,41.68966486308128,18,13.225806451612904,1.246321984026902
metal_dataset/train/Crazing/Cr_260.bmp,48.08302180130731,47.97469689343692,10,13.629213483146067,1.0241203178206584
metal_dataset/train/Rolled/RS_260.bmp,47.45617544473007,49.22765604596111,10,12.128712871287128,1.0888513513513514
metal_dataset/train/Inclusion/In_177.bmp,45.47580251109906,42.07325053229427,10,8.193877551020408,1.2093411175979982
metal_dataset/train/Pitted/PS_266.bmp,3.0102220192542246,49.12366571660494,30,10.346153846153847,1.1148577449947312
metal_dataset/train/Pitted/PS_252.bmp,2.7827742163232125,43.62121721899385,13,37.5,1.0996195088204774
metal_dataset/train/Scratches/Sc_186.bmp,1.2162823120281363,30.83748777627896,11,13.625,1.2176019378280178
metal_dataset/train/Patches/Pa_227.bmp,2.2619208161248903,48.87629460813906,18,2.9453551912568305,1.0309247695509962
metal_dataset/train/Crazing/Cr_21.bmp,42.14475160284911,46.03833854354524,10,10.65079365079365,1.024110218140069
metal_dataset/train/Scratches/Sc_53.bmp,7.094644128996141,47.55605802312895,29,10.934426229508198,1.2037974683544304
metal_dataset/train/Rolled/RS_62.bmp,1.357704300363895,49.26363815368866,17,9.40983606557377,1.0570982839313572
metal_dataset/train/Inclusion/In_47.bmp,44.94952639207483,49.83147523686199,12,7.714285714285714,1.5348688419705694
metal_dataset/train/Crazing/Cr_142.bmp,6.568030326244131,49.012013756209576,14,37.73684210526316,1.0482038685907276
metal_dataset/train/Crazing/Cr_8.bmp,6.056129031466402,48.70079690290005,14,33.035714285714285,1.0456760048721072
metal_dataset/train/Patches/Pa_244.bmp,2.4928591043458397,48.516933710835,15,15.82,1.0534890869966185
metal_dataset/train/Scratches/Sc_51.bmp,1.05263419296185,48.91991420000574,26,10.471698113207546,1.2492155983863737
metal_dataset/train/Scratches/Sc_217.bmp,4.122196492148851,48.38428915653182,11,38.41935483870968,1.2419354838709677
metal_dataset/train/Patches/Pa_297.bmp,1.0718488469973046,46.156998694682436,11,5.115384615384615,1.0391459074733096
metal_dataset/train/Rolled/RS_35.bmp,47.91394874523616,46.03456005746186,12,13.076923076923077,1.0807717462393722
metal_dataset/train/Patches/Pa_218.bmp,2.3779822689058965,48.00098098872495,12,16.017543859649123,1.1176470588235294
metal_dataset/train/Patches/Pa_163.bmp,1.090399263130582,49.914262719349836,19,9.693877551020408,1.0362090680100755
metal_dataset/train/Patches/Pa_252.bmp,46.706786167040676,48.26240486513461,12,8.026785714285714,1.0378698224852072
metal_dataset/train/Pitted/PS_242.bmp,40.61660873944351,48.83567914031248,11,7.394495412844036,1.0418045112781955
metal_dataset/train/Pitted/PS_164.bmp,17.66359828795643,48.63160697900553,12,7.876288659793815,1.0263829787234042
metal_dataset/train/Pitted/PS_160.bmp,21.982887524673185,49.93993727034907,11,7.410256410256411,1.0371807306821856
metal_dataset/train/Inclusion/In_170.bmp,48.25581075002202,42.84064967312464,25,6.908163265306122,1.4266230223677032
metal_dataset/train/Pitted/PS_154.bmp,45.69843236092842,47.044024919221336,29,11.72972972972973,1.1800911854103344
metal_dataset/train/Pitted/PS_64.bmp,9.795870561881221,48.73521235859612,25,101.66666666666667,1.0709470304975923
metal_dataset/train/Patches/Pa_67.bmp,32.8977925401314,49.950900700458234,23,4.693548387096774,1.0275624461670974
metal_dataset/train/Crazing/Cr_4.bmp,33.336620948967116,49.297662726077,10,12.290697674418604,1.0313406848520024
metal_dataset/train/Rolled/RS_132.bmp,4.067887889817177,45.26788231857452,10,18.416666666666668,1.067871868062163
metal_dataset/train/Rolled/RS_300.bmp,42.59530985844599,47.09799845662262,10,11.239583333333334,1.078732440378961
metal_dataset/train/Rolled/RS_200.bmp,48.09195164916745,43.335351446040995,10,21.903614457831324,1.0676065363665492
metal_dataset/train/Inclusion/In_294.bmp,1.163995448826744,47.3859810722762,27,13.825,1.472996020466174
metal_dataset/train/Scratches/Sc_65.bmp,2.184941025036724,44.569744571465925,10,38.68421052631579,1.2005044136191678
metal_dataset/train/Rolled/RS_3.bmp,46.80373613212364,48.221243447138505,11,14.916666666666666,1.0757526707672387
metal_dataset/train/Rolled/RS_223.bmp,16.224869034299765,49.05946411962589,11,12.626373626373626,1.1021233569261881
metal_dataset/train/Crazing/Cr_24.bmp,49.86034059049614,49.95896122646823,20,12.605633802816902,1.0245381062355658
metal_dataset/train/Inclusion/In_267.bmp,1.8019905317102105,48.44538673977177,16,52.63157894736842,1.330791229742612
metal_dataset/train/Scratches/Sc_52.bmp,1.1238546601507422,40.19785233656457,21,8.89655172413793,1.2251512532411408
metal_dataset/train/Patches/Pa_7.bmp,1.0727578751325595,49.750254478703994,11,143.42857142857142,1.0650302837105514
metal_dataset/train/Patches/Pa_28.bmp,3.6609143442206715,48.83178780682454,29,5.794444444444444,1.0417193426042983
metal_dataset/train/Crazing/Cr_265.bmp,47.06054706396986,40.64952127230322,10,12.302631578947368,1.026857142857143
metal_dataset/train/Inclusion/In_19.bmp,2.3496844092793276,46.6783665829817,24,8.061728395061728,1.1824616594573338
metal_dataset/train/Rolled/RS_123.bmp,4.902912175651187,49.819096131975755,11,14.26,1.06375
metal_dataset/train/Patches/Pa_14.bmp,4.0464526684233455,48.97654098119356,12,14.3,1.0304360550190226
metal_dataset/train/Patches/Pa_274.bmp,47.76613778378701,46.432511909785035,12,14.328358208955224,1.025989367985824
metal_dataset/train/Rolled/RS_138.bmp,39.73993325479085,49.858632139802495,10,16.25,1.0703868103994927
metal_dataset/train/Rolled/RS_229.bmp,1.0142453193691552,47.204630657863916,14,7.45045045045045,1.085410435360585
metal_dataset/train/Patches/Pa_131.bmp,1.9323019324819812,48.97156642263048,11,41.24,1.0643147049640962
metal_dataset/train/Scratches/Sc_276.bmp,3.336672697967974,45.98383503981029,19,25.941176470588236,1.354239839438033
metal_dataset/train/Scratches/Sc_295.bmp,4.848130963485489,30.985380633776238,17,11.694444444444445,1.3275047258979207
metal_dataset/train/Inclusion/In_298.bmp,44.347232302278556,47.358553340637286,20,8.645569620253164,1.2116357504215851
metal_dataset/train/Pitted/PS_206.bmp,4.400203571593945,49.446105311414755,21,11.724137931034482,1.0590292960209882
metal_dataset/train/Pitted/PS_222.bmp,4.456466988492783,42.141033962789415,12,20.0,1.127659574468085
metal_dataset/train/Crazing/Cr_283.bmp,3.9282234340718745,47.391558806010536,19,12.333333333333334,1.0295995356935577
metal_dataset/train/Rolled/RS_66.bmp,40.04750729897492,49.89217095851352,10,14.961538461538462,1.0783055198973042
metal_dataset/train/Rolled/RS_33.bmp,44.71458391205538,47.28941727708081,12,10.223529411764705,1.0678288431061806
metal_dataset/train/Crazing/Cr_120.bmp,36.10782376593042,39.00149297712115,10,15.18918918918919,1.028563101136695
metal_dataset/train/Patches/Pa_167.bmp,47.912349017016794,48.10515147108714,17,3.770700636942675,1.039359573048699
metal_dataset/train/Inclusion/In_15.bmp,34.53165754152131,48.91980080903174,16,4.128440366972477,1.2853260869565217
metal_dataset/train/Scratches/Sc_245.bmp,2.529835649159602,40.87219451660588,10,158.0,1.4004127966976265
metal_dataset/train/Inclusion/In_208.bmp,43.9363366090814,49.23139738813833,10,16.48780487804878,1.1938046068308181
metal_dataset/train/Pitted/PS_41.bmp,4.225999207840124,47.90434463797406,16,11.305555555555555,1.054283024788202
metal_dataset/train/Crazing/Cr_207.bmp,48.735439188502724,40.49185117119188,10,16.806451612903224,1.0253995433789955
metal_dataset/train/Inclusion/In_192.bmp,2.217748747531312,48.55742029818675,28,15.65,1.4273594909862142
metal_dataset/train/Inclusion/In_238.bmp,47.17730552653103,49.9117564379574,11,5.759036144578313,1.1532874617737003
metal_dataset/train/Patches/Pa_96.bmp,1.0026095710156548,48.0750805143348,19,15.055555555555555,1.0744818652849741
metal_dataset/train/Scratches/Sc_146.bmp,42.69758531249265,44.6750088491551,25,8.313725490196079,1.2307057366900536
metal_dataset/train/Patches/Pa_242.bmp,21.42543093193353,43.04779295095031,28,2.556756756756757,1.0273240273240274
metal_dataset/train/Patches/Pa_46.bmp,1.0923243208702396,46.49712028831894,23,10.620253164556962,1.0418227215980025
metal_dataset/train/Inclusion/In_173.bmp,1.0023206498815125,46.205398710746984,10,18.477272727272727,1.241687979539642
metal_dataset/train/Scratches/Sc_256.bmp,1.1326807422764111,28.030077382268683,12,27.75,1.5096547688706845
metal_dataset/train/Pitted/PS_77.bmp,39.167722267565594,42.86260809063101,22,5.184210526315789,1.05642144638404
metal_dataset/train/Pitted/PS_277.bmp,5.476616626128237,49.92544581489811,10,11.547619047619047,1.048938134810711
metal_dataset/train/Rolled/RS_191.bmp,11.74150867656996,47.227138667811374,10,26.45,1.0858453473132372
metal_dataset/train/Inclusion/In_166.bmp,33.21635267554661,49.92015440044268,10,31.025,1.2508264462809917
metal_dataset/train/Patches/Pa_123.bmp,26.89702272998197,48.31440367076258,23,5.241379310344827,1.0532598714416896
metal_dataset/train/Pitted/PS_292.bmp,45.04640552238015,48.699778230770185,19,3.1691176470588234,1.042108362779741
metal_dataset/train/Patches/Pa_232.bmp,2.110972868680589,49.99883758615974,15,11.7375,1.0504895960832312
metal_dataset/train/Scratches/Sc_223.bmp,1.9555839554698156,32.48280670774501,11,21.076923076923077,1.381163708086785
metal_dataset/train/Inclusion/In_256.bmp,4.2934292963124,47.46017927587468,11,20.5,1.1809105431309903
metal_dataset/train/Inclusion/In_258.bmp,45.1573169771944,49.89014352766989,13,11.720930232558139,1.3713541666666667
metal_dataset/train/Crazing/Cr_179.bmp,47.177968924158634,48.68240123982667,13,13.505263157894737,1.0264976958525345
metal_dataset/train/Pitted/PS_237.bmp,19.730385459680267,49.80117726386388,14,5.798245614035087,1.0890593729152769
metal_dataset/train/Patches/Pa_15.bmp,1.132873277839977,49.023737458161904,20,8.78640776699029,1.0301852958756725
metal_dataset/train/Scratches/Sc_220.bmp,1.6648525174369855,48.275832381528865,11,28.9,1.3588850174216027
metal_dataset/train/Inclusion/In_17.bmp,47.16329247934056,49.991252748589226,11,14.446428571428571,1.2445604873803306
metal_dataset/train/Crazing/Cr_35.bmp,3.02468714455338,48.93331360637457,15,21.21875,1.0330147697654213
metal_dataset/train/Rolled/RS_290.bmp,48.7855130559183,42.30663575627975,10,16.57894736842105,1.0812459858702634
metal_dataset/train/Crazing/Cr_126.bmp,48.25983611345519,45.519526061921226,10,23.229166666666668,1.0289813486370158
metal_dataset/train/Inclusion/In_127.bmp,2.358866151919667,43.54493817534685,27,12.037037037037036,1.4206479956068094
metal_dataset/train/Rolled/RS_237.bmp,4.620302164214362,49.25568208219586,10,22.025641025641026,1.1074408901251738
metal_dataset/train/Patches/Pa_141.bmp,41.38441352172822,45.26901806674274,17,5.670886075949367,1.039187227866473
metal_dataset/train/Crazing/Cr_25.bmp,45.11920857005396,40.71216867958523,10,13.879518072289157,1.024964131994261
metal_dataset/train/Pitted/PS_288.bmp,3.4772415335852394,46.2068191755041,13,32.875,1.0716591349257585
metal_dataset/train/Patches/Pa_237.bmp,4.45839903921628,45.46740076872064,28,3.2043478260869565,1.0347826086956522
metal_dataset/train/Patches/Pa_65.bmp,39.43793552822646,43.63834143469391,10,8.952380952380953,1.0689764780673872
metal_dataset/train/Inclusion/In_64.bmp,43.6205578902106,46.27587203181008,13,9.75,1.201522435897436
metal_dataset/train/Scratches/Sc_271.bmp,1.8666966573780988,48.37678580457804,10,22.304347826086957,1.1903140370790768
metal_dataset/train/Inclusion/In_30.bmp,1.072730664101593,49.96619007617598,19,6.845238095238095,1.2647712127943136
metal_dataset/train/Inclusion/In_296.bmp,22.67941057360604,49.96853727764909,12,27.857142857142858,1.7440613026819924
metal_dataset/train/Scratches/Sc_231.bmp,49.233375281114306,46.87300826557279,19,15.885714285714286,1.2214602662363856
metal_dataset/train/Inclusion/In_120.bmp,48.71982507983465,46.883286128302956,10,10.821917808219178,1.1945205479452055
metal_dataset/train/Crazing/Cr_294.bmp,3.502068771018466,48.72720481334053,10,23.27777777777778,1.0347523892267594
metal_dataset/train/Rolled/RS_79.bmp,47.65733388423512,49.10619590557162,10,11.75,1.0828764914543696
metal_dataset/train/Scratches/Sc_148.bmp,46.09579542686898,34.94020749584976,12,20.066666666666666,1.1909020217729394
metal_dataset/train/Crazing/Cr_20.bmp,46.05570597682536,49.121090520033455,10,9.154545454545454,1.034330985915493
metal_dataset/train/Crazing/Cr_125.bmp,3.943284496095672,47.77969246782684,23,16.25,1.047924297924298
metal_dataset/train/Rolled/RS_175.bmp,48.81410058643903,43.72345265512918,10,9.813953488372093,1.0644046497015394
metal_dataset/train/Inclusion/In_93.bmp,49.86158585798085,35.36056113254194,11,9.134831460674157,1.1880108991825613
metal_dataset/train/Crazing/Cr_193.bmp,49.988524377141,49.118520193273106,10,17.12,1.0329242741694105
metal_dataset/train/Scratches/Sc_89.bmp,39.89918463224569,41.95975327588325,18,21.137931034482758,1.4709228824273073
metal_dataset/train/Scratches/Sc_82.bmp,21.538632361095818,45.49287964519934,10,26.652173913043477,1.13997840949982
metal_dataset/train/Scratches/Sc_198.bmp,1.749116557040246,49.91404099125725,10,42.31818181818182,1.3908709338929697
metal_dataset/train/Inclusion/In_67.bmp,6.251444393035052,49.09065118641466,21,10.432432432432432,1.1335516739446871
metal_dataset/train/Inclusion/In_224.bmp,26.44263251464747,45.90134526075194,13,10.761904761904763,1.7293754818812646
metal_dataset/train/Crazing/Cr_266.bmp,45.385127132385776,49.98642403044166,10,12.873684210526315,1.0276497695852536
metal_dataset/train/Inclusion/In_62.bmp,42.48202351678976,49.96436116364657,11,11.9375,1.3054003724394785
metal_dataset/train/Inclusion/In_69.bmp,1.020710442708432,48.18865575783799,17,14.39655172413793,1.1646706586826348
metal_dataset/train/Scratches/Sc_34.bmp,25.503146363285857,39.68075739100074,28,12.16,1.4400230680507498
metal_dataset/train/Scratches/Sc_161.bmp,48.52215554552226,46.12712227715197,16,10.212121212121213,1.3268876611418048
metal_dataset/train/Inclusion/In_59.bmp,40.41818835986364,48.708951161782664,16,11.159090909090908,1.474296205630355
metal_dataset/train/Patches/Pa_142.bmp,2.2578931012280052,47.59849286604969,12,12.308510638297872,1.0606700875339572
metal_dataset/train/Patches/Pa_27.bmp,1.9846251631773033,49.512044552858,21,6.590163934426229,1.0380469245402664
metal_dataset/train/Rolled/RS_42.bmp,46.975370247536816,48.71020542087236,11,10.060240963855422,1.0793902826294062
metal_dataset/train/Patches/Pa_136.bmp,2.1341127737440218,47.07113694513622,19,14.90625,1.055062710308963
metal_dataset/train/Scratches/Sc_234.bmp,3.406380438863701,39.02715356271481,12,46.88235294117647,1.4634994206257241
metal_dataset/train/Pitted/PS_93.bmp,3.307244033281005,48.6519959452675,15,28.473684210526315,1.086767895878525
metal_dataset/train/Inclusion/In_260.bmp,40.98460283962908,48.6640841989385,10,15.588235294117647,1.1933609958506224
metal_dataset/train/Pitted/PS_84.bmp,3.56602744238662,48.54477433678889,26,100.0,1.0795755968169762
metal_dataset/train/Rolled/RS_294.bmp,9.739812442200579,48.10353201123207,10,9.092105263157896,1.0683006535947712
metal_dataset/train/Rolled/RS_159.bmp,48.925210051549826,47.82529684524271,10,23.904761904761905,1.066921606118547
metal_dataset/train/Inclusion/In_187.bmp,1.0210019293052688,47.80364564206353,16,13.764705882352942,1.2952773956900505
metal_dataset/train/Scratches/Sc_77.bmp,13.150073677493825,38.65264497303015,26,36.2,1.144811858608894
metal_dataset/train/Pitted/PS_79.bmp,32.6485663213812,48.27850166507586,10,13.492753623188406,1.0519607843137255
metal_dataset/train/Scratches/Sc_71.bmp,12.35628142314824,45.65253563640694,20,38.0,1.1356313225927313
metal_dataset/train/Inclusion/In_213.bmp,2.0481858202532353,46.08233116018723,10,11.705882352941176,1.3302972195589646
metal_dataset/train/Crazing/Cr_136.bmp,47.08117435998412,46.10574973289352,10,24.875,1.0429375185075511
metal_dataset/train/Pitted/PS_168.bmp,5.630944533909552,48.627422346349825,27,7.489795918367347,1.0369188696444849
metal_dataset/train/Patches/Pa_20.bmp,41.227858996437874,32.92954357006942,28,7.5,1.036340852130326
metal_dataset/train/Rolled/RS_222.bmp,36.29168577484649,48.87328457382715,10,14.0,1.0943523841731484
metal_dataset/train/Inclusion/In_18.bmp,48.25580060959716,48.335703138247034,10,9.841463414634147,1.2168178070898599
metal_dataset/train/Pitted/PS_185.bmp,1.012557445102557,44.76048226883151,18,7.484210526315789,1.043200486766048
metal_dataset/train/Rolled/RS_127.bmp,3.951378555323651,43.47022373666218,10,24.27777777777778,1.0791599353796446
metal_dataset/train/Rolled/RS_89.bmp,5.225315786443898,48.08116765006624,12,11.7,1.0817120622568093
metal_dataset/train/Pitted/PS_198.bmp,3.107419762684814,32.99726710496947,12,96.66666666666667,1.2597630539710398
metal_dataset/train/Crazing/Cr_78.bmp,43.0086959605998,44.14788932568123,10,22.294117647058822,1.0291290416545296
metal_dataset/train/Inclusion/In_225.bmp,1.9670393323791746,44.93792912688635,11,43.68,1.249448123620309
metal_dataset/train/Inclusion/In_63.bmp,49.0284366977436,49.513853369029185,22,5.7063492063492065,1.2527091460771564
metal_dataset/train/Inclusion/In_261.bmp,4.169155347710133,48.62095956499614,16,9.620253164556962,1.2092830501450476
metal_dataset/train/Pitted/PS_225.bmp,13.523881548861818,39.64318819362856,19,22.875,1.1112266112266111
metal_dataset/train/Inclusion/In_74.bmp,42.45105451576137,37.05164575902763,27,5.68,1.3681318681318682
metal_dataset/train/Patches/Pa_6.bmp,2.2623500612075302,49.311848223271525,12,14.1625,1.05604097619765
metal_dataset/train/Patches/Pa_134.bmp,1.08088074124132,47.00414068126429,28,8.013333333333334,1.084806810740013
metal_dataset/train/Inclusion/In_203.bmp,35.28283008038232,47.36630956040083,10,14.820512820512821,1.523076923076923
metal_dataset/train/Scratches/Sc_61.bmp,2.2431736225785848,49.782026986601586,20,22.526315789473685,1.24988743809095
metal_dataset/train/Crazing/Cr_226.bmp,38.772587329257696,38.132333180717794,10,13.520833333333334,1.021937321937322
metal_dataset/train/Inclusion/In_58.bmp,20.115296813116995,47.14670883253969,15,7.25,1.4787844036697249
metal_dataset/train/Pitted/PS_38.bmp,4.040948400129786,48.35128710978083,11,42.857142857142854,1.0443686006825939
metal_dataset/train/Rolled/RS_199.bmp,49.96895644126916,44.13298058166257,10,14.64864864864865,1.0647709320695102
metal_dataset/train/Pitted/PS_290.bmp,7.003290810344783,48.57021964870487,26,6.116129032258065,1.0677899686520376
metal_dataset/train/Pitted/PS_215.bmp,4.3250838803564715,49.288965423082246,28,80.0,1.1004043126684635
metal_dataset/train/Rolled/RS_99.bmp,1.7080749954797938,48.64396341963512,10,7.679012345679013,1.0705086928525436
metal_dataset/train/Patches/Pa_152.bmp,8.312956974418,46.2420775405939,23,3.551219512195122,1.0277290277290276
metal_dataset/train/Pitted/PS_256.bmp,3.7813632352575395,49.0803719844851,23,33.80952380952381,1.0743938890733975
metal_dataset/train/Inclusion/In_2.bmp,2.202494855755636,45.31555633193581,13,52.46666666666667,1.2268175881584675
metal_dataset/train/Scratches/Sc_87.bmp,1.036100444237706,47.155331524503254,16,22.4375,1.1832397754611066
metal_dataset/train/Inclusion/In_23.bmp,32.83259120502936,45.70863052421384,10,16.543478260869566,1.3254237288135593
metal_dataset/train/Inclusion/In_176.bmp,1.0318205058053163,49.85827701923412,28,9.145454545454545,1.229987293519695
metal_dataset/train/Crazing/Cr_15.bmp,34.26091845091524,47.94572602044175,11,12.785714285714286,1.0251154734411085
metal_dataset/train/Pitted/PS_291.bmp,3.261069246136608,49.79110811272744,10,11.853333333333333,1.0242948896956157
metal_dataset/train/Inclusion/In_121.bmp,2.1003584146073626,40.00488885676605,11,4.265536723163842,1.1961089494163424
metal_dataset/train/Crazing/Cr_286.bmp,42.64277300512944,47.62214073039047,12,16.114583333333332,1.0287981193064943
metal_dataset/train/Pitted/PS_120.bmp,2.0715253906384063,48.560006039464376,17,10.777777777777779,1.0658482142857142
metal_dataset/train/Rolled/RS_137.bmp,48.53148229170951,36.5514390130733,11,11.625954198473282,1.0759575152880592
metal_dataset/train/Scratches/Sc_163.bmp,1.076377833517564,48.70166409771849,11,10.21311475409836,1.1633699633699635
metal_dataset/train/Scratches/Sc_210.bmp,41.18540990123914,36.88201434587119,12,14.166666666666666,1.2561330561330561
metal_dataset/train/Rolled/RS_242.bmp,14.32494783007696,45.069413925886856,10,18.74137931034483,1.0817941952506596
metal_dataset/train/Pitted/PS_34.bmp,46.663464937955226,48.96633082961471,10,8.767441860465116,1.0515750463248918
metal_dataset/train/Scratches/Sc_93.bmp,2.5298239481356175,49.9727929013171,10,29.178571428571427,1.1463063063063064
metal_dataset/train/Rolled/RS_244.bmp,27.53146439981412,49.37026913590685,10,13.591836734693878,1.1070559610705597
metal_dataset/train/Patches/Pa_213.bmp,2.165040015401296,49.3491952025534,11,20.0,1.0692503176620076
metal_dataset/train/Inclusion/In_24.bmp,46.638427309924495,49.90346289854571,22,15.106666666666667,1.6504126031507877
metal_dataset/train/Patches/Pa_4.bmp,1.0396987803546347,48.81973606446939,10,70.88235294117646,1.0512507626601586
metal_dataset/train/Scratches/Sc_192.bmp,4.11091281922081,32.83054996064795,13,49.5,1.204983922829582
metal_dataset/train/Scratches/Sc_21.bmp,34.5939640283975,48.55681232756282,26,18.27777777777778,1.6496598639455782
metal_dataset/train/Crazing/Cr_127.bmp,47.77325519336911,47.26544709582836,10,17.40909090909091,1.031314623338257
metal_dataset/train/Rolled/RS_9.bmp,45.71757875892209,49.075921373606576,10,15.179487179487179,1.0844888745565946
metal_dataset/train/Patches/Pa_275.bmp,1.0274739107983522,43.90903711275625,12,30.782608695652176,1.105263157894737
metal_dataset/train/Scratches/Sc_179.bmp,1.1165759927924468,40.9208876854547,13,16.70967741935484,1.2636837532580365
metal_dataset/train/Crazing/Cr_149.bmp,48.34012196188332,49.15594208033233,10,11.695652173913043,1.0278735632183909
metal_dataset/train/Rolled/RS_271.bmp,40.59789930521025,48.48681003134499,10,13.415584415584416,1.0916361212929024
metal_dataset/train/Scratches/Sc_125.bmp,41.10920640378754,45.85576861118746,23,23.7,1.445646295294754
metal_dataset/train/Patches/Pa_169.bmp,1.0093608626487303,49.970543223667505,11,44.11538461538461,1.0712460063897764
metal_dataset/train/Crazing/Cr_239.bmp,49.0343079016442,44.36298675713304,10,12.114583333333334,1.020609824957651
metal_dataset/train/Pitted/PS_262.bmp,26.38074394213887,49.99892862062811,15,5.014925373134329,1.0445500445500446
metal_dataset/train/Patches/Pa_95.bmp,48.95937861078812,47.88808094422598,10,4.390410958904109,1.0394465705033853
metal_dataset/train/Patches/Pa_201.bmp,1.1377577178644005,43.76626570936988,11,3.6222222222222222,1.0295395308427455
metal_dataset/train/Crazing/Cr_152.bmp,7.865576442829812,49.90030534277371,12,23.73076923076923,1.0439821693907876
metal_dataset/train/Crazing/Cr_175.bmp,44.175398773975715,48.51902046487214,11,14.844155844155845,1.0269263821254655
metal_dataset/train/Crazing/Cr_203.bmp,45.09900281096251,49.119086351965024,11,9.61111111111111,1.026482440990213
metal_dataset/train/Scratches/Sc_277.bmp,49.09875542409791,46.97825920983878,30,35.86666666666667,1.4254317111459969
metal_dataset/train/Patches/Pa_159.bmp,2.4908657631151017,49.88326208538257,20,9.4,1.0380047505938241
metal_dataset/train/Pitted/PS_258.bmp,6.063493372945316,49.20833942966803,20,8.398373983739837,1.0398912058023573
metal_dataset/train/Crazing/Cr_178.bmp,49.53147641745029,41.157289974846655,11,14.367647058823529,1.0244463618061548
metal_dataset/train/Patches/Pa_290.bmp,26.54930007133273,36.73155635006001,23,4.086092715231788,1.037241780622636
metal_dataset/train/Crazing/Cr_285.bmp,7.943476241326412,47.31743751876804,11,14.987804878048781,1.025251076040172
metal_dataset/train/Patches/Pa_158.bmp,48.61174589310034,46.18357762732471,26,4.119718309859155,1.036817472698908
metal_dataset/train/Crazing/Cr_52.bmp,45.17383975950734,48.417738574192306,11,11.25,1.044309559939302
metal_dataset/train/Crazing/Cr_121.bmp,7.341656996901977,46.92428592390205,13,30.066666666666666,1.0355766380077083
metal_dataset/train/Scratches/Sc_159.bmp,1.140836340401708,49.97471591589896,16,14.755102040816327,1.1633644859813084
metal_dataset/train/Pitted/PS_216.bmp,44.28012365445504,48.76725680703603,17,6.586206896551724,1.1831819976312672
metal_dataset/train/Crazing/Cr_146.bmp,47.379810074974486,43.10053070481079,11,18.4,1.0290982425813886
metal_dataset/train/Pitted/PS_17.bmp,4.389072804865621,49.94088178188291,14,12.813953488372093,1.037457783236107
metal_dataset/train/Scratches/Sc_49.bmp,1.1224672128750184,20.276034799462046,10,16.77777777777778,1.394447354635935
metal_dataset/train/Scratches/Sc_288.bmp,49.53707332825392,49.607534590020045,11,14.25,1.371960682876358
metal_dataset/train/Pitted/PS_73.bmp,7.068623116296903,49.984589449856486,25,13.371428571428572,1.075
metal_dataset/train/Pitted/PS_278.bmp,26.101548600188856,48.526113540157006,19,5.2706766917293235,1.0534966161778923
metal_dataset/train/Patches/Pa_192.bmp,2.1853601442662463,47.074124581167894,17,14.02247191011236,1.0979347101932044
metal_dataset/train/Rolled/RS_30.bmp,37.3468924266159,48.258878416919565,10,17.745454545454546,1.0846102598267822
metal_dataset/train/Scratches/Sc_172.bmp,33.03593843719623,48.963936520625225,19,8.148148148148149,1.506440281030445
metal_dataset/train/Patches/Pa_195.bmp,2.039172365880841,49.828086021076246,10,3.5595238095238093,1.038416763678696
metal_dataset/train/Patches/Pa_293.bmp,1.3217706500366548,49.37027309517107,30,6.233766233766234,1.0396284829721363
metal_dataset/train/Rolled/RS_51.bmp,46.18121196970638,41.42049926954231,10,19.347826086956523,1.0809928151534944
metal_dataset/train/Pitted/PS_193.bmp,8.972271524719845,49.78950763163284,29,21.90909090909091,1.1176261549395878
metal_dataset/train/Patches/Pa_239.bmp,49.98673921216232,40.48601924441566,16,7.111111111111111,1.0435820895522387
metal_dataset/train/Crazing/Cr_58.bmp,43.21641119392015,45.60797529514411,10,14.121212121212121,1.0293530920490168
metal_dataset/train/Inclusion/In_134.bmp,8.849614303229707,49.12031087231999,16,6.174311926605505,1.233446519524618
metal_dataset/train/Patches/Pa_48.bmp,1.0064296700575621,46.277370693901,16,7.589041095890411,1.0391861341371516
metal_dataset/train/Scratches/Sc_139.bmp,1.0384636151363544,48.796745407665234,18,15.428571428571429,1.1872937293729373
metal_dataset/train/Pitted/PS_167.bmp,1.0563448046022752,47.663537391877306,11,3.4911242603550297,1.0599217103282144
metal_dataset/train/Inclusion/In_33.bmp,48.13077172349334,49.93804518073144,12,14.333333333333334,1.4075251722310547
metal_dataset/train/Scratches/Sc_153.bmp,30.586382791135513,39.29144919011292,26,16.65714285714286,1.292929292929293
metal_dataset/train/Patches/Pa_292.bmp,1.796720151608199,48.85412720769595,23,5.016949152542373,1.0305779569892473
metal_dataset/train/Crazing/Cr_48.bmp,25.036506050627295,45.798373418806456,10,10.313559322033898,1.0246913580246915
metal_dataset/train/Patches/Pa_208.bmp,3.0122208471922365,48.90734311625884,11,27.2,1.0758730158730159
metal_dataset/train/Inclusion/In_299.bmp,1.9447492021484072,48.682540106985755,10,35.61290322580645,1.2112850082372324
metal_dataset/train/Rolled/RS_83.bmp,45.917762023465826,48.691453982646685,11,7.966292134831461,1.0518723143032536
metal_dataset/train/Scratches/Sc_213.bmp,31.470311707489188,35.8438673905373,16,17.923076923076923,1.210589651022864
metal_dataset/train/Rolled/RS_240.bmp,47.84767971161861,43.42009919456675,10,16.439393939393938,1.1025111799105607
metal_dataset/train/Scratches/Sc_252.bmp,1.1607781978323861,38.048683993412894,12,20.652173913043477,1.196504854368932
metal_dataset/train/Rolled/RS_136.bmp,38.62029773604296,38.38450905191357,17,8.046875,1.0638703527168731
metal_dataset/train/Scratches/Sc_285.bmp,6.149967791413005,42.45165175743614,24,62.25,1.7560386473429952
metal_dataset/train/Crazing/Cr_197.bmp,42.518783671571725,45.41000817193488,11,17.425,1.0215114633455986
metal_dataset/train/Pitted/PS_197.bmp,1.3612329431125945,48.94520800075776,14,9.852459016393443,1.0708994708994708
metal_dataset/train/Rolled/RS_193.bmp,48.95673401394069,39.06053251530368,10,9.828947368421053,1.0643517043644473
metal_dataset/train/Patches/Pa_209.bmp,47.77639972812496,49.07452050224597,22,4.115384615384615,1.052187028657617
metal_dataset/train/Patches/Pa_281.bmp,33.32480221302296,48.576713510152416,20,4.757352941176471,1.0288406624785837
metal_dataset/train/Crazing/Cr_213.bmp,29.014025046255895,46.44023019036503,14,9.216981132075471,1.0431502715751357
metal_dataset/train/Scratches/Sc_212.bmp,1.6881246888391197,48.54276941419112,10,35.42857142857143,1.1996719967199672
metal_dataset/train/Scratches/Sc_132.bmp,2.2697921995240793,48.977372749319535,13,44.92,1.4170190274841437
metal_dataset/train/Patches/Pa_138.bmp,1.024377221573848,46.81637804664682,10,14.915254237288135,1.0525668613587458
metal_dataset/train/Rolled/RS_283.bmp,34.06029529678904,48.98068521715509,10,17.28205128205128,1.0735721200387223
metal_dataset/train/Inclusion/In_45.bmp,46.54449679297821,48.911110507088154,17,7.72093023255814,1.3535404992358635
metal_dataset/train/Patches/Pa_39.bmp,4.213532619167666,48.9371674573697,13,7.226890756302521,1.0341433405106122
metal_dataset/train/Crazing/Cr_171.bmp,4.021741959569382,49.886139091513535,13,25.6875,1.0732331307962903
metal_dataset/train/Inclusion/In_131.bmp,49.99949971800961,49.072748244832965,10,23.0625,1.5934065934065933
metal_dataset/train/Scratches/Sc_25.bmp,2.251673379179798,23.88277838520172,16,16.18867924528302,1.3339787028073573
metal_dataset/train/Pitted/PS_213.bmp,4.804514891737353,48.64849997338849,14,9.294117647058824,1.0663430420711975
metal_dataset/train/Rolled/RS_188.bmp,34.760590964625905,48.03762705305906,10,13.196078431372548,1.0604173154780443
metal_dataset/train/Rolled/RS_63.bmp,45.15656229458233,47.67813751337158,10,15.271428571428572,1.0606818892711918
metal_dataset/train/Rolled/RS_65.bmp,43.36288337080642,48.959005122298954,10,15.50909090909091,1.0856956663408277
metal_dataset/train/Patches/Pa_171.bmp,1.100064031451397,47.40568552556075,20,4.619469026548672,1.0280963302752293
metal_dataset/train/Scratches/Sc_204.bmp,1.9448490338790196,49.139448205083355,14,38.166666666666664,1.3651626442812173
metal_dataset/train/Inclusion/In_49.bmp,46.4443258168151,48.20214707035361,26,6.373831775700935,1.5889967637540454
metal_dataset/train/Patches/Pa_224.bmp,1.0635732749975533,46.811683734729,16,5.024844720496894,1.0283687943262412
metal_dataset/train/Crazing/Cr_32.bmp,3.551295646151212,49.9579758748677,16,14.114285714285714,1.0381882770870337
metal_dataset/train/Pitted/PS_246.bmp,1.8860837533161257,48.573735487292986,13,21.555555555555557,1.0672762900065316
metal_dataset/train/Crazing/Cr_135.bmp,30.88366337609357,45.22191523014826,10,22.2,1.030083887763957
metal_dataset/train/Scratches/Sc_174.bmp,29.110891229680398,47.33469074985716,10,16.75862068965517,1.2613132209405502
metal_dataset/train/Patches/Pa_74.bmp,3.1495087404321933,48.91731626979648,10,13.092592592592593,1.0477037037037038
metal_dataset/train/Crazing/Cr_274.bmp,10.095215396254702,48.645788680505916,10,18.710526315789473,1.0307254623044098
metal_dataset/train/Inclusion/In_163.bmp,49.07463521280433,48.90275533767558,26,6.587719298245614,1.1722433460076045
metal_dataset/train/Crazing/Cr_141.bmp,49.79516961174006,46.05852649972289,10,19.88888888888889,1.0338983050847457
metal_dataset/train/Inclusion/In_7.bmp,3.8249838774527594,49.341990914232625,18,24.307692307692307,1.3009891662741404
metal_dataset/train/Rolled/RS_41.bmp,5.814038196927207,49.00267787702358,15,12.275,1.0964534305601592
metal_dataset/train/Pitted/PS_297.bmp,1.0226842673408767,49.08089692634107,14,8.027397260273972,1.2132204756146716
metal_dataset/train/Rolled/RS_176.bmp,33.55071182346408,46.31603410412187,10,13.885245901639344,1.0702804916482824
metal_dataset/train/Patches/Pa_146.bmp,37.09756000544332,43.60517611355872,10,7.354166666666667,1.0348301669545192
metal_dataset/train/Crazing/Cr_276.bmp,44.38025851580847,48.07402188066244,11,8.989795918367347,1.0400240746313572
metal_dataset/train/Pitted/PS_80.bmp,47.89559097202457,34.7199934388649,12,7.114285714285714,1.0568778979907265
metal_dataset/train/Crazing/Cr_43.bmp,6.242855548988306,48.62164612810868,17,47.1,1.0418410041841004
metal_dataset/train/Patches/Pa_61.bmp,43.759783373761664,48.52190093221131,10,12.390243902439025,1.0284470246734398
metal_dataset/train/Pitted/PS_276.bmp,1.0835999330852184,48.35948906934533,15,10.781609195402298,1.0470372632864997
metal_dataset/train/Scratches/Sc_33.bmp,46.79413979031984,43.99694409468881,25,14.236842105263158,1.6664285714285714
metal_dataset/train/Crazing/Cr_22.bmp,30.585724362541278,48.903256135625156,10,12.666666666666666,1.0246091488129705
metal_dataset/train/Inclusion/In_219.bmp,36.386549606795775,49.99986907625768,11,13.76923076923077,1.2420131291028447
metal_dataset/train/Scratches/Sc_227.bmp,46.7541296436496,37.82875680154961,11,32.666666666666664,1.2305475504322767
metal_dataset/train/Pitted/PS_132.bmp,4.931445692209142,48.204200069849286,17,7.583333333333333,1.0895460224906288
metal_dataset/train/Rolled/RS_143.bmp,46.13769575084282,49.96238117512521,10,10.666666666666666,1.0701200252684775
metal_dataset/train/Inclusion/In_124.bmp,2.2069513282110647,48.963781726839514,11,13.54,1.1934972244250595
metal_dataset/train/Pitted/PS_13.bmp,16.169697950480884,47.984821367670925,21,29.666666666666668,1.097672778561354
metal_dataset/train/Scratches/Sc_270.bmp,1.9675064411245002,39.739227239689775,10,65.25,1.1907740422204847
metal_dataset/train/Patches/Pa_168.bmp,22.960685687834424,44.2907352194135,24,4.2898550724637685,1.0384051597771915
metal_dataset/train/Patches/Pa_85.bmp,33.70719616959313,42.94176904952871,10,13.804878048780488,1.035283740076448
metal_dataset/train/Pitted/PS_156.bmp,5.175088948971677,49.95711375283054,11,16.902439024390244,1.0712035286704473
metal_dataset/train/Pitted/PS_236.bmp,23.18273667289504,47.078117440534825,20,4.76595744680851,1.1030857917938284
metal_dataset/train/Inclusion/In_29.bmp,1.1883082755898657,49.086018078963484,15,4.336134453781512,1.1616924820551568
metal_dataset/train/Inclusion/In_234.bmp,2.0480464336354434,48.30227901314583,23,18.53125,1.16324200913242
metal_dataset/train/Patches/Pa_178.bmp,2.2857938380219065,49.87162283215838,10,23.857142857142858,1.0615432677288348
metal_dataset/train/Crazing/Cr_291.bmp,49.88688145243126,43.6164639710668,10,20.96,1.0226555778606252
metal_dataset/train/Rolled/RS_192.bmp,5.2754511201595955,49.95648678835489,10,30.933333333333334,1.0765239948119325
metal_dataset/train/Inclusion/In_14.bmp,46.11535380817259,49.92971052764858,25,6.391304347826087,1.555485498108449
metal_dataset/train/Rolled/RS_25.bmp,46.91034878955519,45.04243463856248,11,10.701492537313433,1.079016393442623
metal_dataset/train/Pitted/PS_7.bmp,8.184904507828254,44.01447942199844,23,17.61111111111111,1.0537600994406464
metal_dataset/train/Inclusion/In_90.bmp,3.022019729968124,49.865440117223244,22,54.166666666666664,1.351558507920286
metal_dataset/train/Rolled/RS_91.bmp,38.62061152316514,48.647586799629394,10,19.46969696969697,1.0828088771116264
metal_dataset/train/Pitted/PS_241.bmp,48.15406760616811,47.26848320270065,27,4.232394366197183,1.038864898210981
metal_dataset/train/Patches/Pa_147.bmp,1.1213870580907215,49.91547995621438,24,5.666666666666667,1.0468842729970327
metal_dataset/train/Rolled/RS_166.bmp,45.28320269430646,49.955954235450484,11,15.025641025641026,1.064988849952214
metal_dataset/train/Scratches/Sc_98.bmp,37.48592060679381,46.32486850796505,16,36.095238095238095,1.2211578508954601
metal_dataset/train/Scratches/Sc_243.bmp,48.83828686783517,49.9982299687304,24,18.304347826086957,1.402895656515227
metal_dataset/train/Crazing/Cr_150.bmp,33.56079006038542,39.04848691048696,10,16.966666666666665,1.029994175888177
metal_dataset/train/Rolled/RS_194.bmp,45.98481697625997,36.90679418722051,10,22.177419354838708,1.073643410852713
metal_dataset/train/Scratches/Sc_24.bmp,3.028436935151178,12.831968959501408,29,14.75,1.429519071310116
metal_dataset/train/Scratches/Sc_294.bmp,1.0094736447748474,25.648569298724887,13,14.88,1.40665626625065
metal_dataset/train/Scratches/Sc_22.bmp,48.348062944628296,45.801209447151486,29,14.24,1.5509573810994441
metal_dataset/train/Scratches/Sc_126.bmp,48.740326976639345,22.437554089161914,28,8.0,1.6283185840707965
metal_dataset/train/Patches/Pa_52.bmp,40.95469018691407,37.31788650070359,29,4.6,1.0429447852760736
metal_dataset/train/Scratches/Sc_70.bmp,2.4998074401897328,48.203154378147055,27,11.090909090909092,1.270842523158359
metal_dataset/train/Rolled/RS_205.bmp,49.85080364852342,49.74270112956177,10,10.385714285714286,1.0682323072040623
metal_dataset/train/Crazing/Cr_93.bmp,39.52877986633519,38.30871010216009,10,12.175,1.0288293535235877
metal_dataset/train/Patches/Pa_196.bmp,1.0884130851572311,48.12009451409748,13,28.666666666666668,1.058677429369761
metal_dataset/train/Scratches/Sc_251.bmp,2.2675983564497613,49.720697506372694,10,17.428571428571427,1.195798652397939
metal_dataset/train/Crazing/Cr_80.bmp,3.2221730798809984,49.06278370109998,14,45.90909090909091,1.0396896448821247
metal_dataset/train/Rolled/RS_150.bmp,17.124996440481507,48.911432045962,10,21.51219512195122,1.0654205607476634
metal_dataset/train/Crazing/Cr_61.bmp,2.359386201148428,49.06864052312487,12,14.195121951219512,1.0422907488986783
metal_dataset/train/Patches/Pa_22.bmp,1.3502252348868327,49.64284735397263,19,6.04424778761062,1.0347078018392168
metal_dataset/train/Inclusion/In_151.bmp,40.752408457307254,47.11830032256202,14,6.311111111111111,1.15891328619278
metal_dataset/train/Patches/Pa_49.bmp,41.93009027599057,49.957154025969935,25,4.878378378378378,1.0401069518716577
metal_dataset/train/Patches/Pa_199.bmp,1.0530044632552622,38.53692554490075,10,3.8983050847457625,1.0357246587278537
metal_dataset/train/Patches/Pa_75.bmp,49.88458033964512,49.987962387520646,10,4.765217391304348,1.0321273516642546
metal_dataset/train/Scratches/Sc_23.bmp,37.50458767719875,48.72092788047442,26,11.45945945945946,1.40203426124197
metal_dataset/train/Patches/Pa_32.bmp,2.0853378530274633,46.908826810947936,24,16.6734693877551,1.0817402768622282
metal_dataset/train/Scratches/Sc_275.bmp,46.06678474762592,37.105338607408804,21,11.107142857142858,1.168693009118541
metal_dataset/train/Crazing/Cr_94.bmp,3.9145573596410332,48.53772714235742,22,21.533333333333335,1.0469031870114252
metal_dataset/train/Rolled/RS_241.bmp,49.96554803588017,49.42177411486872,10,20.489795918367346,1.1043239533287577
metal_dataset/train/Inclusion/In_70.bmp,4.517836107458861,49.12685433149867,14,14.169811320754716,1.2725647899910635
metal_dataset/train/Pitted/PS_282.bmp,2.1382221432295982,49.9499775226522,18,81.0,1.192693697310317
metal_dataset/train/Crazing/Cr_38.bmp,6.567527652429083,48.589659169720015,14,30.47826086956522,1.036427732079906
metal_dataset/train/Scratches/Sc_86.bmp,3.8811508316619165,45.3032986582319,16,11.470588235294118,1.345766129032258
metal_dataset/train/Scratches/Sc_147.bmp,35.62652661229328,43.15217348125789,26,9.578947368421053,1.259538784067086
metal_dataset/train/Scratches/Sc_209.bmp,1.0451132791715625,49.358039572272425,13,17.12121212121212,1.3242870285188593
metal_dataset/train/Crazing/Cr_132.bmp,20.29498841642384,44.87695152443261,10,9.308510638297872,1.0293093441671504
metal_dataset/train/Patches/Pa_128.bmp,16.613446351582358,43.31178795516721,15,4.525974025974026,1.040828402366864
metal_dataset/train/Inclusion/In_57.bmp,1.906995851642601,49.964275023183845,10,7.526315789473684,1.4805505685218432
metal_dataset/train/Crazing/Cr_44.bmp,3.432155792410774,49.92905528752091,13,86.75,1.0405770964833183
metal_dataset/train/Pitted/PS_251.bmp,2.795238438177269,49.987563059285385,17,38.714285714285715,1.0570687418936446
metal_dataset/train/Pitted/PS_27.bmp,1.482315560134342,46.417220991175085,13,5.92,1.0678911118399474
metal_dataset/train/Scratches/Sc_278.bmp,47.00538475831614,48.59041201903267,27,17.79310344827586,1.2972596377148164
metal_dataset/train/Inclusion/In_227.bmp,24.82047091862541,32.33759338241184,15,142.0,1.3104408352668213
metal_dataset/train/Pitted/PS_65.bmp,3.167662599261086,37.81448907154309,19,197.0,1.0682926829268293
metal_dataset/train/Crazing/Cr_17.bmp,35.386706689853405,48.93542736335102,10,18.87012987012987,1.0227928447778418
metal_dataset/train/Inclusion/In_160.bmp,28.410788947894055,41.988626846319924,25,8.728260869565217,1.3102613746369798
metal_dataset/train/Pitted/PS_145.bmp,2.484703353542346,39.97964886297659,27,43.5,1.123991195891416
metal_dataset/train/Rolled/RS_297.bmp,10.848149136543208,46.83092040620406,10,9.053097345132743,1.0738727214582666
metal_dataset/train/Rolled/RS_226.bmp,7.822849704373389,48.58801446936165,14,22.369565217391305,1.0933602965958882
metal_dataset/train/Scratches/Sc_195.bmp,2.4046151979004775,49.73904157074895,14,95.4,1.5225921521997623
metal_dataset/train/Rolled/RS_215.bmp,8.957037313843907,48.94256940229898,10,31.975609756097562,1.081754735792622
metal_dataset/train/Crazing/Cr_181.bmp,6.748281532861248,49.98877775887705,11,62.5625,1.033002336448598
metal_dataset/train/Patches/Pa_261.bmp,2.234143429646241,46.841802897740926,12,16.333333333333332,1.1039947177286233
metal_dataset/train/Rolled/RS_84.bmp,44.314226794789576,47.9415798861609,10,12.192307692307692,1.0960713106635853
metal_dataset/train/Inclusion/In_154.bmp,33.8812186437593,45.12933191132414,15,13.607142857142858,1.187743950039032
metal_dataset/train/Rolled/RS_207.bmp,44.26792139472793,49.23502014139083,12,12.44186046511628,1.0821649820671666
metal_dataset/train/Inclusion/In_270.bmp,2.2330042738217855,48.96171121595355,28,15.833333333333334,1.4148590021691974
metal_dataset/train/Inclusion/In_61.bmp,4.556616165407914,47.946089241172224,10,22.142857142857142,1.5009242144177448
metal_dataset/train/Scratches/Sc_69.bmp,49.0494497530943,49.96818187873924,14,9.589285714285714,1.3537832310838447
metal_dataset/train/Patches/Pa_251.bmp,32.611150495212776,39.607798057202345,27,5.829059829059829,1.030543677458766
metal_dataset/train/Crazing/Cr_133.bmp,36.56143518494497,48.40267597608655,10,15.866666666666667,1.0374963094183642
metal_dataset/train/Rolled/RS_211.bmp,46.27534343822065,47.50682499036464,10,17.5875,1.0753688261706222
metal_dataset/train/Patches/Pa_172.bmp,17.537010132723296,45.65402489284264,28,5.2485207100591715,1.0366522366522366
metal_dataset/train/Rolled/RS_121.bmp,3.013590927468714,49.91434365554999,11,25.37142857142857,1.0667088207398039
metal_dataset/train/Scratches/Sc_60.bmp,7.57876066991568,39.12900884022843,29,29.74074074074074,1.2083682008368202
metal_dataset/train/Patches/Pa_284.bmp,1.8451240894858913,49.96153437948941,10,10.253521126760564,1.038843721770551
metal_dataset/train/Crazing/Cr_79.bmp,39.76883862564961,48.082993976806996,10,18.26153846153846,1.0324561403508772
metal_dataset/train/Pitted/PS_53.bmp,3.343383234761258,48.011303060857664,11,64.0,1.0728585493928455
metal_dataset/train/Scratches/Sc_230.bmp,46.83823534866838,40.080500853548294,10,18.944444444444443,1.3018433179723503
metal_dataset/train/Patches/Pa_230.bmp,25.617414578706597,29.85043840278995,26,2.8192090395480225,1.0302071346375143
metal_dataset/train/Patches/Pa_51.bmp,1.3626299771176793,49.788493739800145,21,6.34453781512605,1.026671168129642
metal_dataset/train/Pitted/PS_18.bmp,5.744539585171215,48.541863802363196,10,255.66666666666666,1.0367669401397752
metal_dataset/train/Inclusion/In_188.bmp,2.012101896221556,45.52117093558646,28,9.680851063829786,1.2622591943957968
metal_dataset/train/Crazing/Cr_248.bmp,41.51696405534829,40.88813463723391,10,20.304347826086957,1.0274992838728159
metal_dataset/train/Inclusion/In_216.bmp,43.38080947682614,46.86338650600941,27,5.5,1.3716725263686589
metal_dataset/train/Inclusion/In_26.bmp,46.80422519324117,46.16649948737082,10,13.521739130434783,1.2213047068538398
metal_dataset/train/Pitted/PS_78.bmp,1.2599953081867175,43.626815752570856,14,17.0,1.0596965699208443
metal_dataset/train/Rolled/RS_158.bmp,24.6115485251339,48.41748182348912,10,10.674418604651162,1.0676691729323309
metal_dataset/train/Patches/Pa_263.bmp,2.15774771276057,49.904830523602556,14,13.770833333333334,1.041377227423739
metal_dataset/train/Crazing/Cr_251.bmp,8.811727007729575,49.24196232940583,10,41.07692307692308,1.022526375819789
metal_dataset/train/Inclusion/In_156.bmp,9.581209657912048,49.71549143106613,23,6.26,1.4810344827586206
metal_dataset/train/Inclusion/In_241.bmp,10.344101289503635,43.60892980144113,25,112.33333333333333,1.1662781662781663
metal_dataset/train/Pitted/PS_271.bmp,37.008574187729906,47.35820604884831,15,3.830188679245283,1.0349009168884946
metal_dataset/train/Patches/Pa_91.bmp,1.4469739005225095,45.90314100799958,10,8.48,1.0465745192307692
metal_dataset/train/Scratches/Sc_84.bmp,2.08571494876978,49.130514843261516,26,9.432432432432432,1.19296066252588
metal_dataset/train/Scratches/Sc_151.bmp,42.77571245447154,43.03483338078008,23,9.921052631578947,1.4217577706323687
metal_dataset/train/Scratches/Sc_187.bmp,5.107499161642895,47.986050362682285,11,23.6,1.1764931087289434
metal_dataset/train/Patches/Pa_129.bmp,12.545182475818455,48.51791718103532,20,5.590909090909091,1.0388257575757576
metal_dataset/train/Pitted/PS_200.bmp,3.568568109336734,44.99947255631953,13,18.95744680851064,1.1556909021697754
metal_dataset/train/Patches/Pa_8.bmp,48.016481360308326,46.35023321691292,22,5.653846153846154,1.0319086651053864
metal_dataset/train/Rolled/RS_36.bmp,21.510204474190424,48.901308795899695,11,15.470588235294118,1.079333986287953
metal_dataset/train/Rolled/RS_208.bmp,40.412436717346836,45.29297949852661,10,13.366666666666667,1.0655118110236221
metal_dataset/train/Inclusion/In_280.bmp,26.639456345217777,47.12627704712056,26,8.181818181818182,1.2836846929422547
metal_dataset/train/Rolled/RS_145.bmp,38.92177969981855,39.329996660850824,10,16.417582417582416,1.0709718670076727
metal_dataset/train/Inclusion/In_20.bmp,8.142076933944166,48.45917851848455,19,51.0,1.7263719512195121
metal_dataset/train/Patches/Pa_248.bmp,1.027613734644947,48.62554370410749,11,5.736486486486487,1.0312693498452012
metal_dataset/train/Rolled/RS_180.bmp,25.38818777539592,49.175048399872054,10,14.392156862745098,1.0601620947630923
metal_dataset/train/Rolled/RS_58.bmp,3.1461664483997,47.466015883117095,10,16.355555555555554,1.076723858853998
metal_dataset/train/Rolled/RS_20.bmp,37.42971118658297,49.649153649359405,10,18.620689655172413,1.0732412463861227
metal_dataset/train/Rolled/RS_98.bmp,37.824009299655714,44.056923226967776,14,5.845238095238095,1.0727969348659003
metal_dataset/train/Rolled/RS_69.bmp,47.53440514070241,49.92681384549908,11,8.930232558139535,1.0790322580645162
metal_dataset/train/Inclusion/In_28.bmp,38.5966807799417,49.20740501620289,10,9.551724137931034,1.178405572755418
metal_dataset/train/Inclusion/In_96.bmp,2.3303981966621805,47.55918175294119,22,11.925925925925926,1.5220858895705522
metal_dataset/train/Pitted/PS_257.bmp,1.0169022405566386,30.48550259519932,17,152.0,1.1070441988950277
metal_dataset/train/Patches/Pa_280.bmp,2.013265262741914,48.70712534669255,11,11.707317073170731,1.0331459011541877
metal_dataset/train/Inclusion/In_87.bmp,43.62452361937003,48.929208710779164,17,7.514285714285714,1.3232222774738935
metal_dataset/train/Pitted/PS_186.bmp,3.4350726076268603,48.83660579617809,10,30.263157894736842,1.0728731942215088
metal_dataset/train/Patches/Pa_79.bmp,40.706107266949445,49.54844088239062,26,6.462121212121212,1.0323332362365278
metal_dataset/train/Crazing/Cr_53.bmp,4.577584355458342,47.94043254231485,11,46.476190476190474,1.058674278464954
metal_dataset/train/Crazing/Cr_81.bmp,49.60996296396883,45.97235411422918,10,10.477777777777778,1.0257448654903094
metal_dataset/train/Patches/Pa_184.bmp,1.0139028784975737,49.96050513516904,11,4.190140845070423,1.0287492590397154
metal_dataset/train/Rolled/RS_277.bmp,39.627287892757856,48.50518640108656,11,9.03921568627451,1.093125634947511
metal_dataset/train/Crazing/Cr_160.bmp,44.021739858555186,45.322771568148546,10,10.255813953488373,1.0303468208092486
metal_dataset/train/Inclusion/In_140.bmp,42.90338528394812,42.57095007104966,23,9.579710144927537,1.2799821667409719
metal_dataset/train/Inclusion/In_218.bmp,1.0389819035980283,45.60198944175833,30,12.7,1.4545454545454546
metal_dataset/train/Inclusion/In_205.bmp,38.57350118954596,45.7245703093609,15,10.84,1.4637767220902613
metal_dataset/train/Crazing/Cr_271.bmp,26.27155574950574,49.24630859386232,12,6.787234042553192,1.027027027027027
metal_dataset/train/Patches/Pa_38.bmp,3.454773218426376,45.027831508422565,30,4.4,1.035559986706547
metal_dataset/train/Inclusion/In_240.bmp,1.787759361380171,48.712156452251214,21,10.58,1.1328382838283828
metal_dataset/train/Patches/Pa_157.bmp,27.341196603801762,39.83490943609344,29,4.715189873417722,1.0421940928270041
metal_dataset/train/Inclusion/In_193.bmp,40.475171956485745,48.183216926014005,20,6.212121212121212,1.36
metal_dataset/train/Crazing/Cr_13.bmp,41.25930234436959,49.05031289056333,10,13.681159420289855,1.0192087155963303
metal_dataset/train/Scratches/Sc_218.bmp,49.046914250987165,43.937068573008006,25,12.914285714285715,1.270258431887867
metal_dataset/train/Inclusion/In_21.bmp,44.80625044575926,48.76292251452667,10,34.470588235294116,1.5546052631578948
metal_dataset/train/Patches/Pa_288.bmp,1.0045553867753927,49.96454119581248,12,21.387755102040817,1.036283185840708
metal_dataset/train/Inclusion/In_76.bmp,2.0797317687114516,49.0428084704512,18,12.839285714285714,1.2801434334379203
metal_dataset/train/Patches/Pa_30.bmp,1.234369970597009,49.75048244612638,10,31.339622641509433,1.3372391065543756
metal_dataset/train/Pitted/PS_30.bmp,4.830385918222437,46.943661544668984,12,86.33333333333333,1.0439317319848294
metal_dataset/train/Inclusion/In_279.bmp,49.822794074842776,45.980266814485475,18,9.415094339622641,1.3482637141419225
metal_dataset/train/Inclusion/In_198.bmp,31.618370676300074,49.996828502302385,24,4.095238095238095,1.2961233068659506
metal_dataset/train/Rolled/RS_75.bmp,48.3988646202636,45.34126422799778,11,28.333333333333332,1.0732647814910026
metal_dataset/train/Pitted/PS_293.bmp,12.040554416135576,49.94216597744669,10,14.40625,1.0297619047619047
metal_dataset/train/Rolled/RS_7.bmp,2.2997413644836575,49.00201119985116,10,9.308510638297872,1.0542611894543226
metal_dataset/train/Inclusion/In_35.bmp,32.45154626897092,49.94752288878607,10,29.733333333333334,1.5150943396226415
metal_dataset/train/Patches/Pa_56.bmp,40.42594436501836,38.826995829599866,28,4.75177304964539,1.0358943933550875
metal_dataset/train/Rolled/RS_59.bmp,43.91523020089114,46.91117942150956,11,16.29032258064516,1.054311138386008
metal_dataset/train/Pitted/PS_212.bmp,47.82480660563598,49.15361747623091,18,12.835616438356164,1.1448684698036309
metal_dataset/train/Scratches/Sc_66.bmp,2.3632965948702473,42.887290456607516,20,8.057692307692308,1.24945295404814
metal_dataset/train/Pitted/PS_49.bmp,2.784973223315329,48.86030268546784,25,100.0,1.106671299513551
metal_dataset/train/Inclusion/In_275.bmp,7.751742519743968,49.387344816140185,10,17.307692307692307,1.4590726960503722
metal_dataset/train/Scratches/Sc_202.bmp,3.2132899429001,48.97413697722991,11,74.41666666666667,1.3529118964659035
metal_dataset/train/Patches/Pa_42.bmp,1.0773812591544838,43.96248392540753,30,5.401709401709402,1.036837376460018
metal_dataset/train/Crazing/Cr_288.bmp,20.864937758297266,44.12204773452184,10,12.958333333333334,1.024103299856528
metal_dataset/train/Scratches/Sc_274.bmp,47.466254633817236,48.42063787461725,30,15.526315789473685,1.1715126978284873
metal_dataset/train/Patches/Pa_41.bmp,45.77588312724641,41.63931284415594,11,9.651515151515152,1.0410044500953592
metal_dataset/train/Scratches/Sc_300.bmp,2.1990465893293174,29.04611779080222,15,22.357142857142858,1.4516307352128248
metal_dataset/train/Crazing/Cr_156.bmp,49.95985335808786,45.80253460105779,10,20.83050847457627,1.0321739130434782
metal_dataset/train/Pitted/PS_223.bmp,4.912721284700349,48.95299321940258,10,64.88235294117646,1.0975110808046369
metal_dataset/train/Rolled/RS_152.bmp,45.69212651659892,45.23400987446965,10,13.842857142857143,1.0616974632007516
metal_dataset/train/Patches/Pa_197.bmp,1.2402956014397915,47.263581942441796,15,11.830188679245284,1.057591623036649
metal_dataset/train/Scratches/Sc_297.bmp,40.152670231532305,49.867317556008,29,37.94117647058823,1.4565952649379932
metal_dataset/train/Pitted/PS_133.bmp,25.706131864963787,48.77544723240496,16,4.878787878787879,1.0869565217391304
metal_dataset/train/Scratches/Sc_142.bmp,1.0828170874963288,27.54523625707977,12,13.58,1.169193934557063
metal_dataset/train/Inclusion/In_144.bmp,38.66044296656255,47.78171582310846,23,8.618181818181819,1.4433443344334433
metal_dataset/train/Crazing/Cr_299.bmp,32.79117386695255,47.8131916121822,10,18.357142857142858,1.0240725007080147
metal_dataset/train/Scratches/Sc_129.bmp,1.8128936681230698,30.554401098391374,13,30.636363636363637,1.3722590515043345
metal_dataset/train/Patches/Pa_193.bmp,30.037355924327795,47.23722450376855,21,3.929411764705882,1.0279122757049273
metal_dataset/train/Rolled/RS_268.bmp,28.662396216674683,49.099622988706344,10,12.105263157894736,1.1047138047138048
metal_dataset/train/Rolled/RS_265.bmp,6.003421570561983,49.25217646874135,15,12.28048780487805,1.0954773869346734
metal_dataset/train/Patches/Pa_182.bmp,1.865778705355733,48.622881311477336,15,19.833333333333332,1.0479078229229837
metal_dataset/train/Rolled/RS_267.bmp,35.583709507495314,49.72433580224366,11,14.821428571428571,1.101235415236788
metal_dataset/train/Rolled/RS_148.bmp,3.076522653348369,49.22397102191671,15,14.090909090909092,1.0729668916747026
metal_dataset/train/Pitted/PS_231.bmp,1.0749099394932515,48.86107571554806,17,3.8344827586206898,1.055055055055055
metal_dataset/train/Scratches/Sc_165.bmp,3.191703178375624,47.36458669939836,18,10.038461538461538,1.2640522875816993
metal_dataset/train/Rolled/RS_295.bmp,24.896457406059838,49.92564905218199,10,8.934782608695652,1.071405387861084
metal_dataset/train/Patches/Pa_76.bmp,33.33343060980244,48.65771542193574,30,4.6,1.033983451536643
metal_dataset/train/Scratches/Sc_59.bmp,4.1175501513871495,43.857479069861284,24,18.8125,1.2100984167736415
metal_dataset/train/Pitted/PS_286.bmp,3.5306610669733547,45.867775350266065,28,13.148936170212766,1.0522832561217736
metal_dataset/train/Crazing/Cr_69.bmp,41.99119941273499,48.158348258871364,10,14.729166666666666,1.0270964061608672
metal_dataset/train/Patches/Pa_264.bmp,2.1350561998376114,46.91503404961268,12,12.220338983050848,1.1448678338482663
metal_dataset/train/Pitted/PS_42.bmp,13.178254855035172,42.797438545663496,26,78.25,1.1549027088897368
metal_dataset/train/Inclusion/In_145.bmp,35.66723842762527,46.563606473560334,28,7.517647058823529,1.3927253558249868
metal_dataset/train/Crazing/Cr_220.bmp,49.17827097518098,42.52987982264354,10,26.15686274509804,1.0220417633410672
metal_dataset/train/Crazing/Cr_279.bmp,19.44451444575436,48.912794213509734,10,17.685714285714287,1.027538726333907
metal_dataset/train/Patches/Pa_207.bmp,48.05227068788741,42.54823137912593,13,19.64814814814815,1.0631083202511773
metal_dataset/train/Pitted/PS_232.bmp,1.0953533799530841,43.83076447991408,28,15.1,1.1443806398687448
metal_dataset/train/Crazing/Cr_158.bmp,41.07244477065896,46.75045235393582,10,18.508196721311474,1.0215269804822045
metal_dataset/train/Rolled/RS_97.bmp,4.2727765158282525,44.79928605980935,10,16.813953488372093,1.10403832991102
metal_dataset/train/Scratches/Sc_235.bmp,3.457183521311652,43.35301004035441,10,91.92857142857143,1.3162393162393162
metal_dataset/train/Patches/Pa_21.bmp,1.4097493812761674,40.87224187976605,11,5.413043478260869,1.045643153526971
metal_dataset/train/Crazing/Cr_230.bmp,3.6226774738432397,49.0267483596373,14,36.08695652173913,1.061782055262341
metal_dataset/train/Crazing/Cr_89.bmp,1.982516328323002,49.93177604096125,10,32.72222222222222,1.0548031496062993
metal_dataset/train/Crazing/Cr_85.bmp,6.762825659836134,45.522569926387156,16,81.8,1.0366256379465626
metal_dataset/train/Inclusion/In_272.bmp,1.7350170108076286,46.351912155006985,17,22.53846153846154,1.304757418747056
metal_dataset/train/Crazing/Cr_258.bmp,44.80790490520257,49.04267717915074,10,12.333333333333334,1.022291196388262
metal_dataset/train/Rolled/RS_8.bmp,46.61709084788903,47.17352714801987,10,14.893939393939394,1.0664566929133859
metal_dataset/train/Rolled/RS_126.bmp,6.8385346024481635,49.98887061818999,10,26.321428571428573,1.067698259187621
metal_dataset/train/Pitted/PS_69.bmp,1.006082398822863,44.322706415859486,21,31.0,1.2018010642652477
metal_dataset/train/Patches/Pa_229.bmp,30.251549367791597,47.457092169371954,25,3.744186046511628,1.0308356460067838
metal_dataset/train/Crazing/Cr_155.bmp,45.22223948336128,41.51315629200554,10,18.875,1.0239193083573488
metal_dataset/train/Pitted/PS_201.bmp,48.36949526797139,48.45119449819781,13,6.987341772151899,1.062997347480106
metal_dataset/train/Inclusion/In_125.bmp,49.99835108679728,49.378899112941795,10,12.810344827586206,1.245529873528129
metal_dataset/train/Patches/Pa_66.bmp,45.7243225051959,47.562996191605066,10,6.32520325203252,1.0291845493562233
metal_dataset/train/Pitted/PS_165.bmp,36.79641277231327,48.270981967932215,27,5.464705882352941,1.0317460317460319
metal_dataset/train/Patches/Pa_249.bmp,30.70040874243303,37.279580663536784,19,3.7837837837837838,1.037037037037037
metal_dataset/train/Rolled/RS_52.bmp,36.184449457596855,43.441706471426095,12,21.428571428571427,1.08377308707124
metal_dataset/train/Patches/Pa_176.bmp,2.99995786101049,49.99618624441434,22,4.462068965517242,1.0309427414690573
metal_dataset/train/Patches/Pa_188.bmp,1.3075735015375867,46.91226521441258,11,8.010752688172044,1.0462908011869436
metal_dataset/train/Patches/Pa_214.bmp,1.0815984923223423,48.88712604707603,10,25.11111111111111,1.1331058020477816
metal_dataset/train/Inclusion/In_249.bmp,1.0121756126223935,49.25442505857098,27,20.470588235294116,1.262266608771168
metal_dataset/train/Pitted/PS_70.bmp,12.654836828173817,47.409795691478585,14,31.0,1.1212011577424024
metal_dataset/train/Crazing/Cr_221.bmp,46.35718564653358,49.294349788797874,10,14.161764705882353,1.0287935502447452
metal_dataset/train/Inclusion/In_38.bmp,24.62175504977638,34.67642179379697,11,12.9,1.3862068965517242
metal_dataset/train/Crazing/Cr_214.bmp,34.757351497663336,48.51677692429216,11,10.20253164556962,1.0291345329905741
metal_dataset/train/Inclusion/In_78.bmp,3.8026783173957948,46.78752890343462,15,25.857142857142858,1.3124415341440598
metal_dataset/train/Inclusion/In_149.bmp,5.242897321224612,46.945522544288394,19,34.96,1.2329809725158563
metal_dataset/train/Scratches/Sc_90.bmp,45.76057677505936,36.53316417751411,10,14.84,1.2751531058617673
metal_dataset/train/Patches/Pa_243.bmp,13.078461516127955,48.59803021646121,19,3.1527777777777777,1.0281087687137183
metal_dataset/train/Pitted/PS_74.bmp,1.9209275559873875,36.300581471999294,29,14.30232558139535,1.0994211780728635
metal_dataset/train/Patches/Pa_92.bmp,1.1690135394235384,48.19444449702949,10,6.787234042553192,1.0588235294117647
metal_dataset/train/Crazing/Cr_281.bmp,42.58624078617676,49.277904853451204,10,10.57391304347826,1.028269560251285
metal_dataset/train/Inclusion/In_71.bmp,49.953632919003354,49.90260890624733,16,11.076923076923077,1.3772151898734177
metal_dataset/train/Scratches/Sc_173.bmp,2.3863205728394274,41.71266934272319,12,37.38461538461539,1.9090909090909092
metal_dataset/train/Pitted/PS_272.bmp,4.479051337695636,48.415798268525364,11,57.4,1.0625199362041466
metal_dataset/train/Pitted/PS_190.bmp,5.8098459743034,48.75688423977151,25,10.942307692307692,1.0422661870503598
metal_dataset/train/Rolled/RS_169.bmp,20.885143346882163,46.59050867828131,10,12.788235294117648,1.0566328100954139
metal_dataset/train/Rolled/RS_21.bmp,48.66326464681347,43.93843913399032,10,16.373333333333335,1.0763358778625953
metal_dataset/train/Crazing/Cr_40.bmp,49.9922547896896,45.3949409284227,11,10.155963302752294,1.0257374204742626
metal_dataset/train/Pitted/PS_176.bmp,4.1131334368702905,49.942949861292036,23,9.069306930693068,1.0530355896720167
metal_dataset/train/Inclusion/In_293.bmp,2.5188910807916614,48.269803747411615,22,11.868421052631579,1.381243628950051
metal_dataset/train/Patches/Pa_236.bmp,1.9743994816746455,48.91952637193455,17,3.2708333333333335,1.0298939247830279
metal_dataset/train/Crazing/Cr_223.bmp,3.058129844106761,49.99545577623872,10,34.333333333333336,1.0498154981549817
metal_dataset/train/Rolled/RS_4.bmp,2.8106455361097042,49.527551081634336,10,18.97872340425532,1.0729996812240994
metal_dataset/train/Pitted/PS_233.bmp,4.230448590853521,37.219436419444875,27,14.692307692307692,1.1600189933523266
metal_dataset/train/Scratches/Sc_6.bmp,1.0179867971667396,49.068183826576956,16,24.019607843137255,1.2356444066354744
metal_dataset/train/Patches/Pa_191.bmp,2.10667429843513,47.455993707993336,14,4.24822695035461,1.039422208847427
metal_dataset/train/Inclusion/In_201.bmp,43.06815646421376,48.10042510008513,18,6.991071428571429,1.3693326541008661
metal_dataset/train/Pitted/PS_40.bmp,6.962681200042294,45.58172454183011,19,53.4,1.0434917676296986
metal_dataset/train/Patches/Pa_90.bmp,26.189659659132424,48.911085295192755,26,4.811023622047244,1.0362997658079625
metal_dataset/train/Crazing/Cr_51.bmp,47.1235547280027,47.57878496701144,10,13.617283950617283,1.038680659670165
metal_dataset/train/Inclusion/In_288.bmp,45.85095697499872,48.766737384061614,13,16.689655172413794,1.6757728253055355
metal_dataset/train/Scratches/Sc_255.bmp,49.95470542065398,35.47978384310887,12,25.703703703703702,1.5864318330071754
metal_dataset/train/Rolled/RS_196.bmp,49.057779459472464,49.99730313076082,10,7.375,1.067871868062163
metal_dataset/train/Scratches/Sc_5.bmp,3.6377745925692864,44.596692473068885,17,36.541666666666664,1.2334205933682374
metal_dataset/train/Crazing/Cr_267.bmp,5.956729134902457,48.60953976417548,11,19.25,1.0309810671256454
metal_dataset/train/Pitted/PS_67.bmp,46.58856747570313,47.828440636223974,26,4.35,1.1464829586656997
metal_dataset/train/Inclusion/In_22.bmp,3.5052167891538275,48.591651538568755,14,16.75862068965517,1.4029850746268657
metal_dataset/train/Patches/Pa_71.bmp,1.0133060232617879,49.90297022095701,11,17.3,1.0479880774962742
metal_dataset/train/Rolled/RS_50.bmp,40.96960670875832,46.75853439472131,10,18.0,1.0725987793125602
metal_dataset/train/Rolled/RS_6.bmp,3.8673695282044824,49.099445734122824,10,38.8235294117647,1.0663716814159292
